0.5754533410072327,0.19495651125907898,-0.2863437831401825,0.5715965628623962,0.18469488620758057,-0.2504902482032776,0.573555588722229,0.18466773629188538,-0.25057709217071533,0.5755668878555298,0.18473802506923676,-0.2506837844848633,0.5619383454322815,0.1857679784297943,-0.27823230624198914,0.5569567680358887,0.1870400309562683,-0.27823203802108765,0.5513204336166382,0.18920159339904785,-0.2783438563346863,0.5662714838981628,0.1936677247285843,-0.06375783681869507,0.5312972664833069,0.20415332913398743,-0.18669410049915314,0.5801652073860168,0.21096009016036987,-0.21710070967674255,0.5686721801757812,0.2134598344564438,-0.2525087296962738,0.605577826499939,0.2979932427406311,0.07453271001577377,0.49899905920028687,0.2942832410335541,-0.19566485285758972,0.6519778966903687,0.36955147981643677,-0.05424002185463905,0.4598429799079895,0.3450826108455658,-0.42627647519111633,0.6906489133834839,0.2852320075035095,-0.3332813084125519,0.435339093208313,0.2730334997177124,-0.6508870720863342,0.6978559494018555,0.27254384756088257,-0.3804718554019928,0.44268566370010376,0.2449931502342224,-0.7004122734069824,0.6961824297904968,0.2657417058944702,-0.36698269844055176,0.44257599115371704,0.23997114598751068,-0.706642210483551,0.6932501196861267,0.2748778462409973,-0.33956053853034973,0.446745902299881,0.24906185269355774,-0.6587948203086853,0.5776707530021667,0.49705615639686584,0.08993639051914215,0.5258792638778687,0.5012156367301941,-0.09002605825662613,0.5888473987579346,0.6499687433242798,0.06768734753131866,0.5373572111129761,0.6560657024383545,-0.0765579491853714,0.555503785610199,0.7797726392745972,0.27856332063674927,0.5055245161056519,0.7976880669593811,0.12180677801370621,0.5419920682907104,0.7984477281570435,0.2911035120487213,0.4931902587413788,0.8194987177848816,0.13386741280555725,0.5863674879074097,0.8198095560073853,0.15583553910255432,0.5307610630989075,0.8395180702209473,-0.035573605448007584,100
0.5765838027000427,0.19394835829734802,-0.2874947488307953,0.5754212141036987,0.184246227145195,-0.24866434931755066,0.5779362916946411,0.18404723703861237,-0.24869593977928162,0.5804792046546936,0.18382668495178223,-0.2488047480583191,0.5643667578697205,0.1858816295862198,-0.2829861044883728,0.5585246682167053,0.18705815076828003,-0.2829340994358063,0.5519062280654907,0.18859480321407318,-0.283037006855011,0.5727564692497253,0.19272863864898682,-0.054269712418317795,0.5343400835990906,0.2010490894317627,-0.20944926142692566,0.5829796195030212,0.20998600125312805,-0.21556012332439423,0.5707995295524597,0.2127760350704193,-0.26030412316322327,0.6005597114562988,0.2922214865684509,0.09827791899442673,0.49886977672576904,0.2888384461402893,-0.2436315268278122,0.6524853706359863,0.3469715118408203,0.19932381808757782,0.47176849842071533,0.33122044801712036,-0.5396863222122192,0.6833901405334473,0.29548200964927673,0.1817886084318161,0.44654011726379395,0.26182031631469727,-0.8018864989280701,0.6994287371635437,0.30646491050720215,0.18405552208423615,0.4345698952674866,0.2431947886943817,-0.8588868975639343,0.6946385502815247,0.2823377251625061,0.1725831776857376,0.4346776306629181,0.2390996366739273,-0.8657090067863464,0.68552565574646,0.28835994005203247,0.17385999858379364,0.4416837990283966,0.2473098486661911,-0.8112711310386658,0.5755090713500977,0.5005548000335693,0.09933941811323166,0.529324471950531,0.5053832530975342,-0.0993063822388649,0.5844718813896179,0.6420556902885437,0.07194437831640244,0.5385792851448059,0.6519750356674194,-0.0751231238245964,0.5559741258621216,0.776439905166626,0.2897365987300873,0.5135564208030701,0.7879730463027954,0.1212201863527298,0.5414772629737854,0.7966626286506653,0.30387723445892334,0.5027580857276917,0.8088576197624207,0.13421781361103058,0.5875193476676941,0.8129003047943115,0.17899858951568604,0.5414718985557556,0.8282161951065063,-0.024577101692557335,100
0.5760056972503662,0.1967456042766571,-0.26200708746910095,0.5735323429107666,0.18611666560173035,-0.22349689900875092,0.5756403803825378,0.18637126684188843,-0.22354215383529663,0.5775822401046753,0.18668746948242188,-0.2236391007900238,0.5634583830833435,0.1862732619047165,-0.25687265396118164,0.5585103631019592,0.18687739968299866,-0.25686803460121155,0.552986204624176,0.1877252757549286,-0.2569751739501953,0.5710115432739258,0.19680145382881165,-0.0317903570830822,0.5368320345878601,0.19926267862319946,-0.1835407316684723,0.5807783007621765,0.21329644322395325,-0.19155588746070862,0.5693477392196655,0.2134464830160141,-0.23532146215438843,0.6019806265830994,0.2900807857513428,0.09963012486696243,0.49931374192237854,0.28901568055152893,-0.2111690491437912,0.6417433619499207,0.36608728766441345,0.035093944519758224,0.4490070044994354,0.3282902240753174,-0.48455581068992615,0.6741982102394104,0.2950292229652405,-0.16564269363880157,0.44126155972480774,0.27962902188301086,-0.7033333778381348,0.6829099655151367,0.2897729277610779,-0.19557732343673706,0.4414612948894501,0.25796839594841003,-0.7508937120437622,0.6823990345001221,0.2818506956100464,-0.18905098736286163,0.44414281845092773,0.25466662645339966,-0.7501453757286072,0.6788558959960938,0.28345322608947754,-0.17178824543952942,0.44770684838294983,0.26227736473083496,-0.7077807188034058,0.5815797448158264,0.5001974105834961,0.09316514432430267,0.5252458453178406,0.5011289119720459,-0.09319627285003662,0.5931540131568909,0.6455201506614685,0.02934269979596138,0.5239453911781311,0.65474534034729,-0.09485714882612228,0.5703261494636536,0.7773702144622803,0.23058144748210907,0.4945618510246277,0.79474937915802,0.0875108614563942,0.5582576394081116,0.7980631589889526,0.2433464527130127,0.48461639881134033,0.8152570724487305,0.0983876883983612,0.6023831367492676,0.8144537806510925,0.114226333796978,0.5162438750267029,0.8390834331512451,-0.0709720253944397,100
0.5817630887031555,0.20037183165550232,-0.26951855421066284,0.5801913142204285,0.18895462155342102,-0.2348005771636963,0.5823869705200195,0.1892613023519516,-0.23476479947566986,0.5845233798027039,0.18960881233215332,-0.23484598100185394,0.5699682235717773,0.18893052637577057,-0.26571598649024963,0.5642508864402771,0.18930785357952118,-0.2657184898853302,0.5579407811164856,0.18995308876037598,-0.2657953202724457,0.5729609131813049,0.19746892154216766,-0.0578589029610157,0.5399510264396667,0.2000991404056549,-0.19808493554592133,0.5850372910499573,0.21701696515083313,-0.20361582934856415,0.573642909526825,0.2169361114501953,-0.24442212283611298,0.5895770788192749,0.2852906584739685,0.10397908836603165,0.5087760090827942,0.2823457419872284,-0.23598940670490265,0.6597098112106323,0.3158656358718872,0.30359819531440735,0.4545813202857971,0.30586910247802734,-0.513210654258728,0.6613777875900269,0.2899227738380432,0.45098447799682617,0.4555037319660187,0.26641297340393066,-0.737483024597168,0.6609653234481812,0.28567108511924744,0.4854477047920227,0.44229990243911743,0.25976133346557617,-0.7833105325698853,0.6567621827125549,0.2778176963329315,0.4868176281452179,0.45052003860473633,0.25840145349502563,-0.7832584977149963,0.6546595096588135,0.28382253646850586,0.4551200568675995,0.4623248279094696,0.2589309811592102,-0.742207407951355,0.5742982625961304,0.4849502444267273,0.10557418316602707,0.5324174761772156,0.486408531665802,-0.10583027452230453,0.581359326839447,0.6309324502944946,0.09318006038665771,0.5476917028427124,0.642094075679779,-0.08105149865150452,0.5526738166809082,0.7578245997428894,0.27401331067085266,0.5152477622032166,0.7757940292358398,0.08040134608745575,0.5377209782600403,0.7747421264648438,0.2849910259246826,0.5014151930809021,0.7958499193191528,0.09049168974161148,0.5877424478530884,0.7996317744255066,0.17733252048492432,0.5414547920227051,0.8170127272605896,-0.0485178641974926,100
0.5888475179672241,0.2035328596830368,-0.2609642446041107,0.5860660672187805,0.19139626622200012,-0.23303768038749695,0.5878603458404541,0.19147005677223206,-0.2330188751220703,0.5894424915313721,0.19147741794586182,-0.23309177160263062,0.5761248469352722,0.19099101424217224,-0.26575127243995667,0.5707932710647583,0.19098815321922302,-0.26575547456741333,0.5649247169494629,0.19123505055904388,-0.26586228609085083,0.5747182369232178,0.19690831005573273,-0.07451644539833069,0.5443962216377258,0.1989506036043167,-0.2261483073234558,0.5901758074760437,0.2202942669391632,-0.20036475360393524,0.5784090757369995,0.21994128823280334,-0.24452410638332367,0.5883961319923401,0.2799571752548218,0.06882772594690323,0.50641930103302,0.27425557374954224,-0.25967368483543396,0.6206541061401367,0.3377592861652374,0.2626831829547882,0.4568103849887848,0.29862290620803833,-0.5573891401290894,0.6516257524490356,0.29572203755378723,0.4007706642150879,0.4414391815662384,0.25358158349990845,-0.80254727602005,0.67092365026474,0.2885919213294983,0.4348769187927246,0.4297831356525421,0.24109449982643127,-0.8467576503753662,0.6745762825012207,0.2838659882545471,0.4326190650463104,0.43645113706588745,0.240504652261734,-0.8487215638160706,0.6635830402374268,0.2857421636581421,0.4031621217727661,0.44295620918273926,0.24756254255771637,-0.8088412880897522,0.5744357109069824,0.4746127128601074,0.09067577868700027,0.532411515712738,0.4760880470275879,-0.0908457338809967,0.5750728249549866,0.6165831089019775,0.05078059434890747,0.541366457939148,0.6228276491165161,-0.062461674213409424,0.5548890829086304,0.7398294806480408,0.21479612588882446,0.5169360637664795,0.7510496973991394,0.1081882193684578,0.5413578152656555,0.7563368678092957,0.22502391040325165,0.5047684907913208,0.7706969976425171,0.11957556754350662,0.5890807509422302,0.7797253131866455,0.11992029845714569,0.5423449277877808,0.7886196374893188,-0.011213122867047787,100
0.5876462459564209,0.20305415987968445,-0.10769816488027573,0.5853307843208313,0.19192162156105042,-0.07860218733549118,0.5866248607635498,0.19198542833328247,-0.07865693420171738,0.587597668170929,0.1922154724597931,-0.07868754863739014,0.5746893286705017,0.19222766160964966,-0.10607307404279709,0.5679545998573303,0.19231906533241272,-0.1060904711484909,0.5604593753814697,0.19253458082675934,-0.10622883588075638,0.5698380470275879,0.1993139088153839,0.06932379305362701,0.5436707735061646,0.19921407103538513,-0.05926433578133583,0.5860187411308289,0.21859592199325562,-0.05236270651221275,0.5759642124176025,0.21987120807170868,-0.08936947584152222,0.5786173939704895,0.26682811975479126,0.12271150946617126,0.4795931577682495,0.2758207321166992,-0.04108987748622894,0.614645779132843,0.3360893130302429,-0.03188592195510864,0.45708104968070984,0.3309885263442993,-0.2518875002861023,0.6436097621917725,0.2918893098831177,-0.32919347286224365,0.4376920461654663,0.28729528188705444,-0.4749201834201813,0.6591398119926453,0.28044000267982483,-0.37664586305618286,0.4288197457790375,0.2777503728866577,-0.5214136242866516,0.6590213179588318,0.275755912065506,-0.38344812393188477,0.4294217824935913,0.27221816778182983,-0.5225191712379456,0.6562128067016602,0.28100407123565674,-0.34253689646720886,0.4352119565010071,0.2764025330543518,-0.4810278117656708,0.6016130447387695,0.43727654218673706,0.031861238181591034,0.5398123860359192,0.44773948192596436,-0.03169012814760208,0.5855583548545837,0.5723036527633667,-0.052060067653656006,0.5167615413665771,0.5813125967979431,-0.14760974049568176,0.5762652158737183,0.7086745500564575,0.00568526703864336,0.5262637138366699,0.7215200066566467,-0.07131050527095795,0.5714666247367859,0.7296893000602722,0.005140676163136959,0.5323732495307922,0.7384130954742432,-0.07072735577821732,0.5851449966430664,0.7457879185676575,-0.12709949910640717,0.5320869088172913,0.7693105340003967,-0.22124908864498138,100
0.5861461758613586,0.20442509651184082,-0.2704154849052429,0.5846244692802429,0.193650484085083,-0.2402346432209015,0.5861935019493103,0.19372889399528503,-0.24025695025920868,0.5876842737197876,0.19386392831802368,-0.24032169580459595,0.5761094689369202,0.193976491689682,-0.2637099027633667,0.5712243318557739,0.1942235380411148,-0.26369425654411316,0.5657278299331665,0.19442439079284668,-0.26379430294036865,0.5782122015953064,0.20014885067939758,-0.07194806635379791,0.5467936992645264,0.19991764426231384,-0.1805955469608307,0.5869442224502563,0.21805918216705322,-0.20709022879600525,0.5765911340713501,0.2191111296415329,-0.2383011132478714,0.6008368134498596,0.26704031229019165,0.014216192997992039,0.49737977981567383,0.2702134847640991,-0.1761348396539688,0.6863209009170532,0.2677993178367615,-0.16405560076236725,0.4533936679363251,0.2872462272644043,-0.4135369062423706,0.6858851313591003,0.17662855982780457,-0.41098153591156006,0.4249918758869171,0.2569037079811096,-0.6201527714729309,0.6856861114501953,0.15876683592796326,-0.45525041222572327,0.411572128534317,0.2481267750263214,-0.6615166068077087,0.6807820200920105,0.153790682554245,-0.43662211298942566,0.4168195426464081,0.24879439175128937,-0.6666452884674072,0.6804419755935669,0.16050469875335693,-0.4141860902309418,0.42443498969078064,0.2540566325187683,-0.6276354789733887,0.5880050659179688,0.44116419553756714,0.05002051591873169,0.539080023765564,0.4393162727355957,-0.049960020929574966,0.5891140699386597,0.5801987051963806,-0.04877263307571411,0.531904935836792,0.5832149386405945,-0.12939630448818207,0.5758540630340576,0.6951820254325867,0.10037238150835037,0.5311100482940674,0.7092839479446411,0.024477548897266388,0.5670326948165894,0.7137674689292908,0.10851564258337021,0.5296609997749329,0.7277497053146362,0.03182617574930191,0.5994500517845154,0.722894012928009,-0.016486207023262978,0.5467826724052429,0.746996283531189,-0.12301982194185257,100
0.5834765434265137,0.2065902054309845,-0.06864732503890991,0.5846468806266785,0.19397220015525818,-0.0401507169008255,0.5871860980987549,0.1943044513463974,-0.04018335044384003,0.5894865393638611,0.19488373398780823,-0.04023231565952301,0.5729488730430603,0.19367989897727966,-0.06489387154579163,0.5670981407165527,0.1941070705652237,-0.06491965800523758,0.5611551403999329,0.1949385702610016,-0.06503119319677353,0.5806560516357422,0.20350971817970276,0.09630970656871796,0.5440508127212524,0.20283128321170807,-0.01870078407227993,0.5851898193359375,0.22088523209095,-0.01745918206870556,0.5727924108505249,0.22032992541790009,-0.05062917619943619,0.595485270023346,0.2712250351905823,0.15575987100601196,0.5035678148269653,0.2722564935684204,-0.01673605665564537,0.6591053605079651,0.28046947717666626,-0.01240784302353859,0.45133984088897705,0.32185059785842896,-0.17865857481956482,0.6659414768218994,0.21710273623466492,-0.25807926058769226,0.43494850397109985,0.27529191970825195,-0.33208030462265015,0.6703552007675171,0.20026180148124695,-0.29778170585632324,0.42759793996810913,0.26423609256744385,-0.3607712984085083,0.6792443990707397,0.16855186223983765,-0.27753543853759766,0.4314327538013458,0.25622081756591797,-0.36063799262046814,0.6734362840652466,0.17887184023857117,-0.26069924235343933,0.4357765316963196,0.2607272267341614,-0.3349721133708954,0.593127965927124,0.4226195514202118,0.04709182679653168,0.5399571657180786,0.42549842596054077,-0.047021813690662384,0.5844945311546326,0.5362366437911987,-0.057902779430150986,0.5428467988967896,0.543487548828125,-0.16738133132457733,0.5697398781776428,0.6535755395889282,0.008596764877438545,0.5211579203605652,0.672432005405426,-0.07891996949911118,0.562637448310852,0.6719255447387695,0.010159008204936981,0.5175046920776367,0.6909359097480774,-0.07589606195688248,0.5884134769439697,0.683935821056366,-0.09106516093015671,0.5289013385772705,0.7110179662704468,-0.2022809088230133,100
0.5926356315612793,0.20530295372009277,-0.24159686267375946,0.5928120017051697,0.1944471299648285,-0.20773695409297943,0.5949867963790894,0.19511374831199646,-0.2077663689851761,0.5969545841217041,0.1960171014070511,-0.2078389972448349,0.5818374752998352,0.19345694780349731,-0.23604081571102142,0.575230598449707,0.19336606562137604,-0.23606640100479126,0.5675417184829712,0.1935356706380844,-0.23620574176311493,0.5840816497802734,0.20418238639831543,-0.03745731711387634,0.5466831922531128,0.2013833224773407,-0.16601991653442383,0.5922929644584656,0.22081580758094788,-0.1780632585287094,0.5805594325065613,0.22039565443992615,-0.2151106894016266,0.6033116579055786,0.2879221439361572,0.054359376430511475,0.49595755338668823,0.28270795941352844,-0.15695509314537048,0.6746708750724792,0.3013008236885071,-0.09565837681293488,0.42000532150268555,0.3365578055381775,-0.34956657886505127,0.6888267993927002,0.20808027684688568,-0.34828659892082214,0.41903162002563477,0.27434295415878296,-0.5263373851776123,0.6979386806488037,0.19785630702972412,-0.39368119835853577,0.43205761909484863,0.25532370805740356,-0.5646207332611084,0.6915481686592102,0.175172358751297,-0.3800510764122009,0.4391056001186371,0.24704115092754364,-0.5609094500541687,0.6870377063751221,0.19328182935714722,-0.3541533052921295,0.4409054219722748,0.25491660833358765,-0.527593195438385,0.5818895697593689,0.4823949933052063,0.05969182774424553,0.5281078815460205,0.48540765047073364,-0.059684015810489655,0.5969104766845703,0.6204866170883179,-0.0059771668165922165,0.5252216458320618,0.6325706243515015,-0.08616667240858078,0.5730390548706055,0.746826708316803,0.202017143368721,0.5048726201057434,0.7655307054519653,0.09829593449831009,0.5611786246299744,0.7643643617630005,0.21568766236305237,0.4979783892631531,0.7866283655166626,0.10963425040245056,0.5797584652900696,0.7840391993522644,0.09150056540966034,0.5245100855827332,0.8055664300918579,-0.051781829446554184,100
0.5943208932876587,0.20877033472061157,-0.267110139131546,0.592742383480072,0.19653502106666565,-0.23393514752388,0.5944679379463196,0.1968022882938385,-0.23399193584918976,0.5960881114006042,0.1971578747034073,-0.23406128585338593,0.5826566815376282,0.19653894007205963,-0.25889870524406433,0.5767776370048523,0.19682130217552185,-0.25900527834892273,0.5701631903648376,0.19713455438613892,-0.25916507840156555,0.5824755430221558,0.20429149270057678,-0.06317596882581711,0.5454179644584656,0.20438019931316376,-0.17453326284885406,0.5938006639480591,0.22494244575500488,-0.20339669287204742,0.5822283625602722,0.2250680923461914,-0.23547331988811493,0.6081616878509521,0.2964504659175873,0.039616335183382034,0.4855533242225647,0.30236947536468506,-0.14230848848819733,0.7091553807258606,0.29115062952041626,-0.11891204118728638,0.41855812072753906,0.3916242718696594,-0.2827523350715637,0.6947187781333923,0.190067857503891,-0.37252840399742126,0.3812375068664551,0.28541260957717896,-0.4803832471370697,0.6948594450950623,0.16619688272476196,-0.4162595868110657,0.3717804253101349,0.26012107729911804,-0.5210278034210205,0.6893338561058044,0.15668132901191711,-0.39815759658813477,0.3775138854980469,0.25623542070388794,-0.5247653722763062,0.6884565353393555,0.16640391945838928,-0.3755781948566437,0.38339999318122864,0.26602765917778015,-0.48493438959121704,0.5837177038192749,0.5021573901176453,0.06735735386610031,0.5227580666542053,0.50594162940979,-0.06763371080160141,0.5962930917739868,0.6644773483276367,0.03489980846643448,0.5347840189933777,0.6757974624633789,-0.08090511709451675,0.5691614151000977,0.7765191197395325,0.29966410994529724,0.5086066722869873,0.7955948114395142,0.16068044304847717,0.5584375262260437,0.7910488843917847,0.3189753592014313,0.4994007647037506,0.8109353184700012,0.17792245745658875,0.5788044333457947,0.8124688863754272,0.19325309991836548,0.5283216238021851,0.8475157618522644,0.013258924707770348,100
0.5916268229484558,0.20618408918380737,-0.2799043357372284,0.589882493019104,0.19391471147537231,-0.24678786098957062,0.5920512080192566,0.1938973069190979,-0.2468460351228714,0.5941617488861084,0.19397370517253876,-0.24693241715431213,0.5793206095695496,0.1944553554058075,-0.27053260803222656,0.5734726786613464,0.19488772749900818,-0.2706356346607208,0.5672203302383423,0.1954047679901123,-0.2707739472389221,0.5852360129356384,0.20124419033527374,-0.06946653872728348,0.5492842793464661,0.2023542821407318,-0.17608563601970673,0.5930056571960449,0.22277259826660156,-0.21370218694210052,0.5807269215583801,0.22407063841819763,-0.24447526037693024,0.6067333817481995,0.3059334456920624,0.045330729335546494,0.4909418821334839,0.29183655977249146,-0.14150089025497437,0.6294792890548706,0.380900114774704,-0.14042231440544128,0.4158762991428375,0.38354966044425964,-0.308697909116745,0.6476418375968933,0.2995968461036682,-0.4617176353931427,0.3852023780345917,0.28363484144210815,-0.5202285647392273,0.6426941156387329,0.27329832315444946,-0.5138298273086548,0.37916427850723267,0.2598443031311035,-0.5630447864532471,0.642427921295166,0.2692544162273407,-0.49180108308792114,0.38402149081230164,0.25745558738708496,-0.5607853531837463,0.6410143375396729,0.27530646324157715,-0.463916152715683,0.3890833556652069,0.26625680923461914,-0.52272629737854,0.5845497846603394,0.5031351447105408,0.08216778188943863,0.5172832608222961,0.5036066174507141,-0.08247605711221695,0.596493661403656,0.6677271723747253,0.05244433507323265,0.5309128761291504,0.6716960668563843,-0.07690383493900299,0.5601219534873962,0.7747201919555664,0.3607625663280487,0.5142145156860352,0.7902820110321045,0.1909450739622116,0.5475091934204102,0.7890264987945557,0.3855830430984497,0.5028208494186401,0.8058503866195679,0.21160534024238586,0.5764220356941223,0.8109434247016907,0.26331600546836853,0.5464922785758972,0.8413893580436707,0.046580325812101364,100
0.5967795848846436,0.20635086297988892,-0.2901013195514679,0.595187783241272,0.1939353346824646,-0.2577142119407654,0.596890389919281,0.19399502873420715,-0.25779664516448975,0.5985418558120728,0.19403037428855896,-0.25790807604789734,0.5851373076438904,0.19432176649570465,-0.28169822692871094,0.5792587399482727,0.19476473331451416,-0.2817981541156769,0.5723294615745544,0.19524875283241272,-0.28192105889320374,0.5872204899787903,0.20104846358299255,-0.08268793672323227,0.5488014817237854,0.20274637639522552,-0.19011591374874115,0.5980088114738464,0.22257916629314423,-0.22474639117717743,0.5864359736442566,0.22284984588623047,-0.25573357939720154,0.611879825592041,0.3049880266189575,0.023385990411043167,0.48491567373275757,0.29948437213897705,-0.15425676107406616,0.6311666369438171,0.3762493431568146,-0.17831893265247345,0.41676127910614014,0.39363306760787964,-0.3302142918109894,0.6609033346176147,0.30148082971572876,-0.5056042075157166,0.411176860332489,0.2931915521621704,-0.5583251118659973,0.6578660011291504,0.2801932692527771,-0.5650773048400879,0.39174097776412964,0.26497185230255127,-0.6067845821380615,0.6579945087432861,0.27052736282348633,-0.542597770690918,0.4012053310871124,0.2612149715423584,-0.6019725203514099,0.6550013422966003,0.28000617027282715,-0.5093234181404114,0.4039711058139801,0.2713128924369812,-0.5601727962493896,0.5864582657814026,0.5025412440299988,0.067191481590271,0.5178045034408569,0.5010042786598206,-0.06733730435371399,0.5926157832145691,0.6645486950874329,0.02534801885485649,0.5264613628387451,0.6697282791137695,-0.0744999572634697,0.5644429922103882,0.7744907140731812,0.3596746623516083,0.5017248392105103,0.7866003513336182,0.22745497524738312,0.5537804365158081,0.7890585064888,0.3859851360321045,0.4917243421077728,0.8045300245285034,0.25039371848106384,0.5740294456481934,0.8056653141975403,0.2499992400407791,0.5257954001426697,0.8337225914001465,0.06974558532238007,100
0.5943493247032166,0.20596076548099518,-0.2876230776309967,0.5923917889595032,0.19400723278522491,-0.2571614980697632,0.594493567943573,0.19404056668281555,-0.25728073716163635,0.5963324904441833,0.19407989084720612,-0.25737008452415466,0.5819953680038452,0.19402077794075012,-0.28332021832466125,0.5763004422187805,0.19416674971580505,-0.2834629714488983,0.5693981051445007,0.194158136844635,-0.28372031450271606,0.5836659073829651,0.2008354663848877,-0.092917799949646,0.5475320219993591,0.20253092050552368,-0.211871936917305,0.5967379212379456,0.22297120094299316,-0.22634723782539368,0.5842993259429932,0.22310993075370789,-0.2608512043952942,0.6026430726051331,0.30416619777679443,0.02128845639526844,0.48950836062431335,0.2924913167953491,-0.18992803990840912,0.6212746500968933,0.3970421552658081,0.017450345680117607,0.41853660345077515,0.3921961784362793,-0.35788753628730774,0.6273084282875061,0.4135654866695404,-0.12733100354671478,0.3898189663887024,0.29178762435913086,-0.5863495469093323,0.6251738667488098,0.4207744896411896,-0.15109366178512573,0.37691235542297363,0.26426640152931213,-0.6324604153633118,0.6241565346717834,0.4095900356769562,-0.1544264853000641,0.38278380036354065,0.2585286498069763,-0.6427428722381592,0.6211597919464111,0.40715381503105164,-0.13451334834098816,0.38885098695755005,0.2686939239501953,-0.5940349698066711,0.5839370489120483,0.5037024021148682,0.07317014783620834,0.5179714560508728,0.5023289322853088,-0.07340415567159653,0.5890830755233765,0.6572230458259583,0.03872961550951004,0.5251595973968506,0.6658587455749512,-0.07711495459079742,0.5602931380271912,0.7720664143562317,0.345201700925827,0.5055609941482544,0.781218409538269,0.20089448988437653,0.5476953387260437,0.7872246503829956,0.36782345175743103,0.49624937772750854,0.7988325357437134,0.22156879305839539,0.5731350779533386,0.8006714582443237,0.23280997574329376,0.5269572734832764,0.8293246030807495,0.044898081570863724,100
0.5970996022224426,0.20607325434684753,-0.292039155960083,0.5942561626434326,0.19458159804344177,-0.259250283241272,0.5959019660949707,0.19498015940189362,-0.25933095812797546,0.5973158478736877,0.19548028707504272,-0.25943467020988464,0.5840721130371094,0.19407472014427185,-0.2914462983608246,0.5781662464141846,0.19432304799556732,-0.2915523052215576,0.5707203149795532,0.1946554183959961,-0.29175281524658203,0.5839106440544128,0.20321404933929443,-0.08594167232513428,0.5475821495056152,0.20453792810440063,-0.22990745306015015,0.5977041721343994,0.22240108251571655,-0.2266627699136734,0.5862537026405334,0.222688227891922,-0.2683326005935669,0.6109452247619629,0.30725324153900146,0.038650136440992355,0.49173563718795776,0.2975529730319977,-0.21696649491786957,0.6687146425247192,0.3716386556625366,-0.11684869974851608,0.41789865493774414,0.38880059123039246,-0.4189760088920593,0.6792091131210327,0.29613232612609863,-0.40602946281433105,0.3907615542411804,0.29268133640289307,-0.6393834352493286,0.6762654185295105,0.27865082025527954,-0.4501013159751892,0.37376129627227783,0.2648203670978546,-0.6859661936759949,0.6709556579589844,0.2677042484283447,-0.43174421787261963,0.37907156348228455,0.258220374584198,-0.6824056506156921,0.6688889265060425,0.2762067914009094,-0.4090571403503418,0.389337420463562,0.26942741870880127,-0.6419336199760437,0.5854116678237915,0.5056371688842773,0.09246879070997238,0.5186010599136353,0.5051788091659546,-0.09273289889097214,0.5966345071792603,0.6668686270713806,0.07534042000770569,0.5295243859291077,0.676800012588501,-0.07709135115146637,0.5664909482002258,0.772214949131012,0.41737228631973267,0.5044664740562439,0.7951457500457764,0.21377675235271454,0.5550457835197449,0.7851066589355469,0.4451669156551361,0.49465614557266235,0.8104729652404785,0.23627427220344543,0.5777717232704163,0.8133252263069153,0.3251967132091522,0.5271144509315491,0.8477217555046082,0.06585420668125153,100
0.5865904688835144,0.2014767825603485,-0.2846372127532959,0.5852224826812744,0.18887686729431152,-0.2550751864910126,0.5881595611572266,0.18947727978229523,-0.25519445538520813,0.5910918712615967,0.19018428027629852,-0.255287766456604,0.5734713673591614,0.18864427506923676,-0.27726513147354126,0.5671495795249939,0.18952496349811554,-0.2773342728614807,0.5600409507751465,0.19104629755020142,-0.27747416496276855,0.5835036039352417,0.19954517483711243,-0.09561631083488464,0.5404651165008545,0.2034333050251007,-0.19381549954414368,0.5917329788208008,0.21920549869537354,-0.22572797536849976,0.577475368976593,0.21882779896259308,-0.2540692090988159,0.6122453808784485,0.30490976572036743,0.00017138752446044236,0.4998297691345215,0.2961897552013397,-0.18202278017997742,0.6703919172286987,0.3758073151111603,-0.1613137274980545,0.4306316077709198,0.3738928437232971,-0.3978179097175598,0.6946910619735718,0.3219939172267914,-0.4308714270591736,0.4421085715293884,0.28228333592414856,-0.6409235596656799,0.6974226832389832,0.30987876653671265,-0.48157283663749695,0.44030898809432983,0.26303452253341675,-0.6885787844657898,0.6934738159179688,0.3001350164413452,-0.46572521328926086,0.44368976354599,0.25348788499832153,-0.6900599598884583,0.6886470913887024,0.30632537603378296,-0.4346159100532532,0.44649967551231384,0.261885404586792,-0.6468019485473633,0.5815412998199463,0.5011500716209412,0.05633476749062538,0.5236738324165344,0.5021628141403198,-0.05632272735238075,0.5913131237030029,0.6538335680961609,-0.025516247376799583,0.518923819065094,0.6511245965957642,-0.07197204977273941,0.5679798722267151,0.7774112224578857,0.2167922705411911,0.5104396939277649,0.7864351272583008,0.1522824764251709,0.5562866926193237,0.7936644554138184,0.2327316850423813,0.5044593811035156,0.8054468035697937,0.16724170744419098,0.5752904415130615,0.7991576194763184,0.0877821072936058,0.531408429145813,0.8347591161727905,-0.007440399378538132,100
0.5770848989486694,0.19671711325645447,-0.23127752542495728,0.5770078301429749,0.18570488691329956,-0.19619576632976532,0.5802091956138611,0.18588504195213318,-0.1962728649377823,0.5835342407226562,0.1862289160490036,-0.1963607519865036,0.5642479658126831,0.18603187799453735,-0.22439448535442352,0.5583914518356323,0.18658295273780823,-0.22441498935222626,0.5527733564376831,0.18745914101600647,-0.22455906867980957,0.5794447064399719,0.19693006575107574,-0.017943406477570534,0.5351102352142334,0.20101922750473022,-0.14516115188598633,0.581900954246521,0.214347705245018,-0.16534748673439026,0.5677772760391235,0.2154792845249176,-0.20228148996829987,0.6134069561958313,0.2992694079875946,0.09490244090557098,0.4978927671909332,0.28937631845474243,-0.1862213909626007,0.6574877500534058,0.3610278367996216,0.06541384756565094,0.459343284368515,0.3302033543586731,-0.477134108543396,0.6872885227203369,0.3406146168708801,-0.058897655457258224,0.4892374575138092,0.30747586488723755,-0.7232552170753479,0.6920990347862244,0.3378802239894867,-0.07721847295761108,0.49288421869277954,0.3048376739025116,-0.7777565717697144,0.675897479057312,0.3237229287624359,-0.08400045335292816,0.4981323778629303,0.29967641830444336,-0.769390344619751,0.685528039932251,0.33217185735702515,-0.0661858394742012,0.498110830783844,0.30346184968948364,-0.7252554893493652,0.5869951844215393,0.49816831946372986,0.07927290350198746,0.5212268233299255,0.49731355905532837,-0.07928729802370071,0.5918920040130615,0.6430293321609497,0.03725454583764076,0.5253130197525024,0.6500992178916931,-0.07990407198667526,0.5721313953399658,0.7680540084838867,0.28661632537841797,0.5130038261413574,0.7846543788909912,0.14556266367435455,0.5598807334899902,0.7832601070404053,0.30315902829170227,0.5082904696464539,0.8033332228660583,0.16057273745536804,0.5803666114807129,0.8139562606811523,0.16415411233901978,0.5302490592002869,0.8294951319694519,-0.011526078917086124,100
0.5788084268569946,0.19499732553958893,-0.21947449445724487,0.5771910548210144,0.18362204730510712,-0.1856842190027237,0.5803534984588623,0.18397974967956543,-0.18572266399860382,0.5834097266197205,0.18451610207557678,-0.18580184876918793,0.5649501085281372,0.18432530760765076,-0.22219549119472504,0.558581531047821,0.18558761477470398,-0.22218775749206543,0.5516234636306763,0.1876288801431656,-0.2222856879234314,0.5789904594421387,0.19696277379989624,-0.005866984371095896,0.5325508713722229,0.2051052749156952,-0.16941840946674347,0.5872578620910645,0.21331924200057983,-0.15167996287345886,0.571619987487793,0.21551908552646637,-0.1991274356842041,0.6058048605918884,0.3013482689857483,0.13837605714797974,0.5056629776954651,0.2948285937309265,-0.2250908464193344,0.6576159000396729,0.3623703122138977,0.15351413190364838,0.4864197075366974,0.34133076667785645,-0.499875545501709,0.6948797106742859,0.3277839720249176,0.05091400071978569,0.5031223893165588,0.28863024711608887,-0.7009404897689819,0.7032067775726318,0.32223403453826904,0.03581676632165909,0.5041135549545288,0.27878642082214355,-0.7502425312995911,0.6993939280509949,0.316204309463501,0.0316522978246212,0.5050868391990662,0.2739119529724121,-0.7542773485183716,0.6936535835266113,0.3199988007545471,0.04322827607393265,0.5051701664924622,0.2794675827026367,-0.70641028881073,0.582243800163269,0.519059956073761,0.10893231630325317,0.5199571847915649,0.521504282951355,-0.10878341645002365,0.5888094305992126,0.6915290951728821,0.06810787320137024,0.5310184359550476,0.6997823715209961,-0.0922236368060112,0.5657731294631958,0.8562771081924438,0.2164701670408249,0.49284064769744873,0.8558512926101685,0.06978949904441833,0.5531366467475891,0.8655847907066345,0.2208716720342636,0.49252331256866455,0.8697335720062256,0.07648131996393204,0.6008135080337524,0.8681901693344116,0.06925265491008759,0.5347408652305603,0.8886266946792603,-0.10710321366786957,100
