0.5782920122146606,0.24251557886600494,-0.32277512550354004,0.5740301609039307,0.23067569732666016,-0.2875000834465027,0.575454831123352,0.2312196046113968,-0.2875921428203583,0.576805055141449,0.23188018798828125,-0.2876313030719757,0.565295934677124,0.22977563738822937,-0.3220759332180023,0.5604337453842163,0.2299235463142395,-0.3221278488636017,0.5551685690879822,0.23029722273349762,-0.3222527801990509,0.5651441812515259,0.24116843938827515,-0.09938105195760727,0.5342872142791748,0.24168050289154053,-0.2560420334339142,0.5795648097991943,0.2586335241794586,-0.25083789229393005,0.5687234401702881,0.25822168588638306,-0.29615071415901184,0.5881498456001282,0.3405078053474426,0.07833968847990036,0.48773902654647827,0.3231417238712311,-0.2815287411212921,0.5836954116821289,0.4454914629459381,0.13342860341072083,0.4835834503173828,0.41751497983932495,-0.342752605676651,0.5965858101844788,0.5433666110038757,-0.01951223611831665,0.5031580328941345,0.5205233097076416,-0.4294169545173645,0.5993815660476685,0.5754679441452026,-0.05156319588422775,0.5006526708602905,0.5503221154212952,-0.48349621891975403,0.5931589603424072,0.5768793225288391,-0.10144179314374924,0.512773871421814,0.5502638816833496,-0.5058693289756775,0.5892362594604492,0.5639461278915405,-0.0459248349070549,0.514474630355835,0.5395277142524719,-0.4393094480037689,0.5749285817146301,0.5360389351844788,0.12047278881072998,0.5169612169265747,0.5358065366744995,-0.12035796791315079,0.5683316588401794,0.6901729106903076,0.16507311165332794,0.5204899907112122,0.7032762765884399,-0.14795717597007751,0.5484866499900818,0.82940673828125,0.39250802993774414,0.5185277462005615,0.8701019287109375,-0.0139293959364295,0.5359387397766113,0.8628609776496887,0.40360328555107117,0.5068495273590088,0.8954343199729919,-0.01301176194101572,0.5996760129928589,0.8967065811157227,0.26077842712402344,0.5611061453819275,0.9126501083374023,-0.2149263620376587,100
0.575576663017273,0.2404559850692749,-0.3082396686077118,0.5713061094284058,0.22954246401786804,-0.2747538387775421,0.5729147791862488,0.2299380898475647,-0.27483609318733215,0.5744792222976685,0.230330228805542,-0.2749074399471283,0.5630433559417725,0.22911489009857178,-0.30446508526802063,0.5587103962898254,0.2293102741241455,-0.30453819036483765,0.5538807511329651,0.22983868420124054,-0.3046638071537018,0.5650158524513245,0.23886466026306152,-0.10005020350217819,0.5323587656021118,0.24234405159950256,-0.23302355408668518,0.5776371955871582,0.25690555572509766,-0.24106130003929138,0.5669797658920288,0.25712499022483826,-0.2795596718788147,0.5855563879013062,0.3351626694202423,0.04728130251169205,0.48920753598213196,0.3213697671890259,-0.23637787997722626,0.5748748779296875,0.4280545115470886,0.11033622920513153,0.4794829785823822,0.4143472909927368,-0.23512926697731018,0.5793612003326416,0.5039103031158447,0.0018503621686249971,0.4868394136428833,0.49675798416137695,-0.2553778290748596,0.5755618214607239,0.53937828540802,-0.023238904774188995,0.4855946898460388,0.5167631506919861,-0.2912707030773163,0.5720248222351074,0.5392502546310425,-0.056778572499752045,0.4916590750217438,0.521245002746582,-0.3141014873981476,0.5678479075431824,0.5283089876174927,-0.017640916630625725,0.4942326545715332,0.5119985938072205,-0.2640407085418701,0.5735457539558411,0.514293909072876,0.07354103773832321,0.5194635987281799,0.5128659009933472,-0.07340977340936661,0.5871987342834473,0.6454001665115356,-0.027232786640524864,0.5256576538085938,0.6554088592529297,-0.16243049502372742,0.5630646347999573,0.7770746946334839,0.23827719688415527,0.5215014815330505,0.7884409427642822,0.09281297028064728,0.550230085849762,0.7924652695655823,0.2556511461734772,0.5159299969673157,0.8061694502830505,0.10980980843305588,0.5833722352981567,0.8321120142936707,0.11141181737184525,0.5410004258155823,0.8401311039924622,-0.06863278150558472,100
0.5762438774108887,0.24213694036006927,-0.30430302023887634,0.5723998546600342,0.23043450713157654,-0.26828861236572266,0.5742798447608948,0.2308076173067093,-0.2683786153793335,0.5761168003082275,0.23122337460517883,-0.26845136284828186,0.5628952383995056,0.22967368364334106,-0.30263832211494446,0.5579828023910522,0.22972893714904785,-0.3027290105819702,0.552466094493866,0.23020121455192566,-0.3028232157230377,0.5655251741409302,0.23856565356254578,-0.08134721964597702,0.5308964252471924,0.24138519167900085,-0.23382343351840973,0.5784070491790771,0.25907695293426514,-0.23249323666095734,0.5665913224220276,0.25912702083587646,-0.27642422914505005,0.5857532620429993,0.33675476908683777,0.091185562312603,0.48870420455932617,0.32448726892471313,-0.23281358182430267,0.5727111101150513,0.427489310503006,0.147125706076622,0.47699829936027527,0.4229670763015747,-0.20276276767253876,0.5639278888702393,0.5010610818862915,0.0034394352696835995,0.49164488911628723,0.5063257217407227,-0.18212279677391052,0.5633517503738403,0.5284534692764282,-0.02828388661146164,0.48912230134010315,0.5316202044487,-0.21387562155723572,0.5600081086158752,0.5256040692329407,-0.06262709945440292,0.4994434416294098,0.5289430022239685,-0.23833288252353668,0.5574034452438354,0.5152188539505005,-0.017957471311092377,0.5009342432022095,0.5191679000854492,-0.19004467129707336,0.5767880082130432,0.5201840400695801,0.09541916102170944,0.5220723152160645,0.5227161645889282,-0.09522657096385956,0.631033718585968,0.6537158489227295,-0.0634988322854042,0.5583992600440979,0.660943865776062,-0.2588104009628296,0.6230663657188416,0.7880885601043701,0.14283902943134308,0.5490412712097168,0.8137518763542175,-0.041697707027196884,0.6102239489555359,0.803521454334259,0.15314224362373352,0.5396478772163391,0.8336655497550964,-0.02872893586754799,0.6529808044433594,0.844976544380188,0.00615564314648509,0.5763565897941589,0.8710353374481201,-0.2054232656955719,100
0.5777848362922668,0.24310442805290222,-0.26103970408439636,0.5728882551193237,0.23131394386291504,-0.22566357254981995,0.5741873979568481,0.2314375936985016,-0.2257944792509079,0.5753470063209534,0.23155577480793,-0.22590844333171844,0.5649048686027527,0.23171880841255188,-0.2628847062587738,0.5602655410766602,0.23237475752830505,-0.2629528045654297,0.5546501278877258,0.23336313664913177,-0.26310116052627563,0.5645094513893127,0.23940929770469666,-0.05554424226284027,0.5340975522994995,0.24427269399166107,-0.22059358656406403,0.5805782079696655,0.2576262950897217,-0.19638213515281677,0.5695179104804993,0.25962701439857483,-0.24408455193042755,0.5861924886703491,0.33496594429016113,0.09906626492738724,0.48726239800453186,0.3321647644042969,-0.25417518615722656,0.5961391925811768,0.43309295177459717,0.15696817636489868,0.47695955634117126,0.42996925115585327,-0.2749989926815033,0.5835868120193481,0.5038113594055176,0.031451266258955,0.4809707999229431,0.5205577611923218,-0.29412755370140076,0.5834412574768066,0.5294187664985657,0.007142506539821625,0.4747892916202545,0.545566201210022,-0.3368072807788849,0.5767123103141785,0.52285236120224,-0.021997500211000443,0.48742422461509705,0.5440065264701843,-0.3506772816181183,0.5747720003128052,0.5127919316291809,0.013335736468434334,0.4906030297279358,0.5343071818351746,-0.2999284863471985,0.5898532271385193,0.5200357437133789,0.10634279996156693,0.5215089321136475,0.5326928496360779,-0.10612507164478302,0.6786648035049438,0.606272280216217,-0.08330584317445755,0.574766993522644,0.6171104907989502,-0.452140212059021,0.6442226767539978,0.7189433574676514,0.15440978109836578,0.5959354639053345,0.7459726929664612,-0.120697982609272,0.6277218461036682,0.7351594567298889,0.1714441031217575,0.587650716304779,0.7606947422027588,-0.09071458131074905,0.6774007081985474,0.7627837061882019,0.06774453073740005,0.6308820247650146,0.7958793044090271,-0.21230672299861908,100
0.7368475794792175,0.6609863042831421,-0.5386247038841248,0.7487903237342834,0.6532684564590454,-0.5194035172462463,0.7500788569450378,0.6542748212814331,-0.5195559859275818,0.7510858178138733,0.6551491618156433,-0.519731879234314,0.7415280938148499,0.6457669138908386,-0.544404923915863,0.7364480495452881,0.6402204036712646,-0.5444550514221191,0.7302827835083008,0.6333979964256287,-0.5443674921989441,0.7425524592399597,0.6453628540039062,-0.38684937357902527,0.7145606875419617,0.6159351468086243,-0.49755921959877014,0.7261655330657959,0.6666761040687561,-0.48429346084594727,0.7177469730377197,0.6567013263702393,-0.5163412094116211,0.6982783675193787,0.6453361511230469,-0.20371869206428528,0.6341890096664429,0.6386792659759521,-0.4557135999202728,0.7179183959960938,0.7243707180023193,-0.1776469647884369,0.6146109700202942,0.7391411662101746,-0.40750622749328613,0.7324709296226501,0.7869539260864258,-0.3130391538143158,0.6344216465950012,0.7996611595153809,-0.33412930369377136,0.7369097471237183,0.8088226914405823,-0.3440091907978058,0.6317048072814941,0.8179000616073608,-0.36713844537734985,0.7351655960083008,0.8059134483337402,-0.38313165307044983,0.6464463472366333,0.8104216456413269,-0.3832467496395111,0.7281311750411987,0.8001725673675537,-0.3342753052711487,0.6473663449287415,0.8037675619125366,-0.3389972150325775,0.5842483639717102,0.6680340766906738,0.09014298021793365,0.5411567687988281,0.6614470481872559,-0.08978025615215302,0.6361019015312195,0.7602571845054626,-0.019544655457139015,0.5879706144332886,0.7702598571777344,-0.2031353861093521,0.5712670683860779,0.8579909205436707,0.07354149967432022,0.5457923412322998,0.8781429529190063,-0.1247420608997345,0.554656982421875,0.8687766790390015,0.08012903481721878,0.5248457789421082,0.8929669857025146,-0.12046550959348679,0.5906383991241455,0.8899495601654053,0.01082393154501915,0.584790050983429,0.9165928959846497,-0.211578831076622,100
0.5440800189971924,0.7029083967208862,-0.05069207772612572,0.5281604528427124,0.7060836553573608,-0.06931593269109726,0.5270844101905823,0.7038699984550476,-0.06927458941936493,0.5269890427589417,0.7033641338348389,-0.06918011605739594,0.5272427797317505,0.7048860788345337,-0.04750526323914528,0.5270727276802063,0.7042127847671509,-0.04766825959086418,0.5271580219268799,0.7035430073738098,-0.047798845916986465,0.5287123918533325,0.6850051283836365,-0.11368957906961441,0.5318716764450073,0.6859548091888428,-0.01074521616101265,0.5497302412986755,0.7001977562904358,-0.0630771815776825,0.5516117215156555,0.6989097595214844,-0.03314745053648949,0.5745469331741333,0.6692900657653809,-0.16810239851474762,0.5807385444641113,0.6510269641876221,0.07760563492774963,0.6140411496162415,0.7275215983390808,-0.23158782720565796,0.637936532497406,0.6920902729034424,0.12505973875522614,0.6210057735443115,0.7582314610481262,-0.21414875984191895,0.653400182723999,0.7402586936950684,0.11852741986513138,0.6205689311027527,0.7638256549835205,-0.2379591464996338,0.6535788774490356,0.7496523261070251,0.13206344842910767,0.6175646781921387,0.7624091506004333,-0.22487051784992218,0.653127133846283,0.7540148496627808,0.10708177089691162,0.6197105050086975,0.759745717048645,-0.20893916487693787,0.6536267995834351,0.7506898641586304,0.10928589850664139,0.7334878444671631,0.6068668961524963,-0.09886609017848969,0.7160284519195557,0.6029201149940491,0.09892809391021729,0.7114357948303223,0.6967459917068481,-0.35926514863967896,0.6645253300666809,0.6802002191543579,0.34129634499549866,0.7223153710365295,0.8070464134216309,-0.5603748559951782,0.6607616543769836,0.7776756882667542,0.40544378757476807,0.7374038100242615,0.814581036567688,-0.5810098648071289,0.6759962439537048,0.7922695875167847,0.40946415066719055,0.6813060641288757,0.8659582138061523,-0.6908966302871704,0.6194412708282471,0.8095811605453491,0.399911493062973,100
0.5330260396003723,0.7251927852630615,-0.07187186181545258,0.5201598405838013,0.7231242060661316,-0.09397035092115402,0.5205546617507935,0.7225005030632019,-0.09401629865169525,0.520771861076355,0.7218754887580872,-0.09403853118419647,0.5175201296806335,0.7227641344070435,-0.061345819383859634,0.5164379477500916,0.7218202352523804,-0.06144336611032486,0.5153501033782959,0.7209151983261108,-0.061538442969322205,0.5191342830657959,0.7038565874099731,-0.13878467679023743,0.5174285173416138,0.7096513509750366,0.01251740287989378,0.542987048625946,0.7189719080924988,-0.08196713775396347,0.541966438293457,0.7200688123703003,-0.03813525289297104,0.5754250288009644,0.6745787858963013,-0.21480624377727509,0.5801858901977539,0.6582586169242859,0.14036232233047485,0.5937996506690979,0.7909051775932312,-0.30770164728164673,0.631837785243988,0.6838392615318298,0.2848982512950897,0.5877538323402405,0.8814995884895325,-0.27908995747566223,0.6417800188064575,0.736543595790863,0.3416830599308014,0.5895123481750488,0.9083120822906494,-0.321566641330719,0.635483980178833,0.7433610558509827,0.36854416131973267,0.5768457651138306,0.9067785739898682,-0.2931230664253235,0.6317720413208008,0.7491904497146606,0.3412155508995056,0.580966591835022,0.9006839990615845,-0.2688599228858948,0.6339257955551147,0.748137891292572,0.33313366770744324,0.7464215755462646,0.6061870455741882,-0.10991505533456802,0.7320480346679688,0.613092839717865,0.10990680009126663,0.7226351499557495,0.6723989248275757,-0.44211679697036743,0.670375406742096,0.6947985291481018,0.3598124086856842,0.7386334538459778,0.7671676874160767,-0.3490358889102936,0.6842550039291382,0.7768034934997559,0.5194423198699951,0.746795654296875,0.7767621278762817,-0.33377769589424133,0.6985010504722595,0.7900968194007874,0.5372278690338135,0.7102258801460266,0.8169811964035034,-0.37942996621131897,0.6477580666542053,0.8044052720069885,0.5461121797561646,100
0.5125263333320618,0.7380659580230713,-0.21147564053535461,0.5091754794120789,0.7429959774017334,-0.2298092246055603,0.5098802447319031,0.7429396510124207,-0.22972744703292847,0.5104050636291504,0.7431420087814331,-0.22965440154075623,0.5059210062026978,0.7374617457389832,-0.23306192457675934,0.5057294368743896,0.7356380224227905,-0.23308899998664856,0.5051671266555786,0.733742356300354,-0.23307032883167267,0.5216907262802124,0.7400780320167542,-0.2558811902999878,0.510571300983429,0.7243800759315491,-0.26799604296684265,0.5222968459129333,0.7338802814483643,-0.212325781583786,0.5222761034965515,0.7314242720603943,-0.21606740355491638,0.5649771690368652,0.7259699702262878,-0.24594838917255402,0.5306098461151123,0.653654158115387,-0.18567784130573273,0.528709352016449,0.771134614944458,-0.2724592089653015,0.4708107113838196,0.6901737451553345,-0.14743855595588684,0.4720154106616974,0.8144238591194153,-0.3510432839393616,0.3578454256057739,0.76026850938797,-0.18560674786567688,0.46816375851631165,0.8278859257698059,-0.3940851092338562,0.34895291924476624,0.7570397853851318,-0.203398659825325,0.4578779935836792,0.8202910423278809,-0.3945266604423523,0.3520582616329193,0.7612154483795166,-0.2274719923734665,0.4575546681880951,0.8139552474021912,-0.3549393117427826,0.3548227846622467,0.7635568380355835,-0.1950025111436844,0.6982532143592834,0.6422156095504761,-0.05637102574110031,0.6787374019622803,0.6046902537345886,0.0561937540769577,0.7150394916534424,0.71437007188797,-0.08215107768774033,0.7053748369216919,0.6817046403884888,0.16561299562454224,0.6919747591018677,0.8085232377052307,-0.007554263342171907,0.67741858959198,0.7801119685173035,0.2482917308807373,0.6906815767288208,0.8154652118682861,-0.0020368623081594706,0.6774265170097351,0.7898582220077515,0.2554685175418854,0.6667070984840393,0.85255366563797,-0.06144031509757042,0.6647825241088867,0.8269108533859253,0.23398958146572113,100
0.5153016448020935,0.728941023349762,-0.5230307579040527,0.5252636075019836,0.727200984954834,-0.5198432803153992,0.5289105176925659,0.7306404709815979,-0.5198368430137634,0.5304970741271973,0.7315982580184937,-0.5199494957923889,0.5211243629455566,0.723503053188324,-0.5272988677024841,0.520254909992218,0.7214059829711914,-0.5274418592453003,0.5193284749984741,0.7192527055740356,-0.5274801850318909,0.5518185496330261,0.7209218144416809,-0.4499960243701935,0.5298464894294739,0.7026098966598511,-0.4812304675579071,0.5219689011573792,0.7250337600708008,-0.491308331489563,0.5163949131965637,0.721049427986145,-0.5001060962677002,0.5866231918334961,0.7128903865814209,-0.38305771350860596,0.5252372026443481,0.6646455526351929,-0.3558186888694763,0.5893390774726868,0.7843819260597229,-0.44293075799942017,0.47173064947128296,0.6774104237556458,-0.3532198667526245,0.5834845900535583,0.8720454573631287,-0.5654076933860779,0.4231495261192322,0.7110825777053833,-0.4170922040939331,0.5855677723884583,0.8854050636291504,-0.6175329089164734,0.41051509976387024,0.711978554725647,-0.45382437109947205,0.574648916721344,0.8784580826759338,-0.6203397512435913,0.4136853814125061,0.7189767360687256,-0.4680502712726593,0.5699850916862488,0.8689857721328735,-0.5720457434654236,0.41812923550605774,0.7221446633338928,-0.42492103576660156,0.6533803939819336,0.6448411345481873,-0.047148820012807846,0.6171479225158691,0.6380912065505981,0.047192707657814026,0.6918337345123291,0.7496087551116943,-0.1294553428888321,0.6595540046691895,0.7236723303794861,0.03906756639480591,0.7143821120262146,0.8343112468719482,-0.044808752834796906,0.7008886933326721,0.8045851588249207,0.10690928250551224,0.7220897078514099,0.8405805826187134,-0.03841133788228035,0.7105513215065002,0.8117498755455017,0.111373670399189,0.6953885555267334,0.8801384568214417,-0.12193482369184494,0.7007614374160767,0.8400458693504333,0.04745202511548996,100
0.5114080905914307,0.7106963396072388,-0.484528124332428,0.5253467559814453,0.7199347615242004,-0.47344380617141724,0.5271776914596558,0.720302939414978,-0.47341570258140564,0.526908814907074,0.7158505916595459,-0.47343674302101135,0.5206176042556763,0.7142617702484131,-0.4796605110168457,0.5205549597740173,0.7125189304351807,-0.47979775071144104,0.5204068422317505,0.7108876705169678,-0.47986912727355957,0.537139356136322,0.7175100445747375,-0.3782211244106293,0.5263173580169678,0.7039958238601685,-0.3994753658771515,0.5192140936851501,0.7149847149848938,-0.44465458393096924,0.5156461000442505,0.7083549499511719,-0.4513237476348877,0.577818751335144,0.7273765802383423,-0.3106759190559387,0.5350161790847778,0.6694100499153137,-0.2610825002193451,0.5687096118927002,0.7763179540634155,-0.37648892402648926,0.4628886282444,0.7084349989891052,-0.29466646909713745,0.5533032417297363,0.8258225917816162,-0.5370675325393677,0.3678741157054901,0.7527748346328735,-0.36603397130966187,0.564195454120636,0.8409118056297302,-0.587329626083374,0.36442211270332336,0.7474063634872437,-0.3883436918258667,0.55442214012146,0.8336207270622253,-0.5771284103393555,0.36477750539779663,0.7515925765037537,-0.40505728125572205,0.5490001440048218,0.8258717060089111,-0.5377842783927917,0.36890745162963867,0.752208948135376,-0.37240517139434814,0.6800839304924011,0.6481040120124817,-0.06324579566717148,0.6498867273330688,0.6280958652496338,0.06300121545791626,0.6881022453308105,0.7097800970077515,-0.20992575585842133,0.6860799789428711,0.6711257100105286,0.04792146012187004,0.6664822101593018,0.8404813408851624,-0.20916226506233215,0.7178348302841187,0.7772095799446106,0.06114362180233002,0.669363260269165,0.8596048355102539,-0.21031108498573303,0.7303300499916077,0.7915215492248535,0.06109537184238434,0.6317058801651001,0.8796225786209106,-0.2876267731189728,0.7086629271507263,0.8104442954063416,0.010851414874196053,100
0.7366848587989807,0.6285165548324585,-0.5315573811531067,0.7451175451278687,0.6157369613647461,-0.5084632635116577,0.7465499043464661,0.616148054599762,-0.5085117220878601,0.7479044795036316,0.616624116897583,-0.5086961984634399,0.7378718256950378,0.6128612756729126,-0.5390444993972778,0.7335684299468994,0.6110255718231201,-0.539120078086853,0.7279333472251892,0.608968198299408,-0.5391313433647156,0.740108847618103,0.6152703762054443,-0.36729201674461365,0.7048088312149048,0.6032101511955261,-0.5008591413497925,0.7301280498504639,0.640868067741394,-0.4747861623764038,0.7201114892959595,0.6356815695762634,-0.5135027766227722,0.706531822681427,0.6638555526733398,-0.211903378367424,0.6221578121185303,0.6455575227737427,-0.4986558258533478,0.7139725685119629,0.7366670370101929,-0.16813336312770844,0.5914983749389648,0.7516520023345947,-0.5291798710823059,0.7322621941566467,0.831610381603241,-0.28597491979599,0.5958682298660278,0.8636002540588379,-0.5699551105499268,0.742455780506134,0.8556811809539795,-0.3211117088794708,0.5960544347763062,0.8945645093917847,-0.6287343502044678,0.7414146661758423,0.8554248213768005,-0.360487163066864,0.6123656630516052,0.8903939723968506,-0.6348766684532166,0.7328549027442932,0.8470337986946106,-0.3087272047996521,0.6127327084541321,0.8779852986335754,-0.5745400190353394,0.532996416091919,0.735383927822113,0.06279434263706207,0.5070836544036865,0.7052270174026489,-0.06308743357658386,0.4108770489692688,0.7751770615577698,0.19726046919822693,0.3888625204563141,0.753392219543457,0.11835207045078278,0.3017675280570984,0.8050640821456909,0.41911616921424866,0.2786731719970703,0.783918023109436,0.36827659606933594,0.28556159138679504,0.8027750849723816,0.43718498945236206,0.26144158840179443,0.7801844477653503,0.38921186327934265,0.27743497490882874,0.8353680968284607,0.3386746346950531,0.25522878766059875,0.8320304155349731,0.277871310710907,100
0.7442141175270081,0.6356478333473206,-0.42194584012031555,0.7503999471664429,0.6226052045822144,-0.40880095958709717,0.7515000104904175,0.622035562992096,-0.4088878929615021,0.7525317072868347,0.6213858127593994,-0.40906497836112976,0.7445089817047119,0.6202748417854309,-0.44111108779907227,0.7409510016441345,0.6182457804679871,-0.44116926193237305,0.7365764379501343,0.6161081194877625,-0.44121307134628296,0.7384061217308044,0.6120215058326721,-0.31660687923431396,0.713165819644928,0.6067169308662415,-0.45835402607917786,0.7354077696800232,0.6446925401687622,-0.38124147057533264,0.7290348410606384,0.6402341723442078,-0.4225674569606781,0.7082736492156982,0.6572690010070801,-0.2014310210943222,0.6240307688713074,0.6461665630340576,-0.43822136521339417,0.7214465737342834,0.735152542591095,-0.13088665902614594,0.5984323620796204,0.7539965510368347,-0.44470643997192383,0.7402256727218628,0.825437068939209,-0.16279484331607819,0.5911322832107544,0.863673746585846,-0.44964489340782166,0.7523745894432068,0.8434349298477173,-0.1712641566991806,0.5873429179191589,0.8898338079452515,-0.49562957882881165,0.7451231479644775,0.8457363843917847,-0.21362537145614624,0.6045997142791748,0.8882516026496887,-0.49777284264564514,0.7381018996238708,0.8376364707946777,-0.17982283234596252,0.6065791249275208,0.8738264441490173,-0.4516933858394623,0.6016618013381958,0.7192983627319336,0.060854360461235046,0.542451798915863,0.707951545715332,-0.06091787666082382,0.6308640241622925,0.7811036705970764,-0.05180279538035393,0.511568009853363,0.7839602828025818,0.03140147402882576,0.6076741814613342,0.8723010420799255,-0.02455642819404602,0.4613880515098572,0.8423734903335571,0.25771564245224,0.5883305072784424,0.8889596462249756,-0.021617986261844635,0.44865620136260986,0.8470679521560669,0.2781997323036194,0.6320338249206543,0.9143372178077698,-0.0862782821059227,0.4715745747089386,0.8796446323394775,0.23481440544128418,100
0.5227169990539551,0.7241493463516235,-0.20766164362430573,0.5147712826728821,0.7171918153762817,-0.22509166598320007,0.5158995985984802,0.7146706581115723,-0.22504174709320068,0.5169581174850464,0.7123674750328064,-0.22501060366630554,0.5128486752510071,0.7213440537452698,-0.21499818563461304,0.5124567151069641,0.7220051288604736,-0.2150803953409195,0.5121447443962097,0.7229443788528442,-0.21512657403945923,0.5219296216964722,0.700822651386261,-0.24895808100700378,0.5169180631637573,0.7166435122489929,-0.20111647248268127,0.5354634523391724,0.71729576587677,-0.2092885971069336,0.5320404171943665,0.7244200706481934,-0.1957530528306961,0.5750877857208252,0.7019042372703552,-0.2837977707386017,0.5436263680458069,0.6670354604721069,-0.09816987067461014,0.5980463624000549,0.7695490717887878,-0.3274821937084198,0.5067721605300903,0.702761709690094,-0.07587301731109619,0.5938643217086792,0.8339731693267822,-0.3526110351085663,0.45873239636421204,0.7533703446388245,-0.1333148181438446,0.599105954170227,0.8507456183433533,-0.39339539408683777,0.44561704993247986,0.7576846480369568,-0.13724711537361145,0.5872501134872437,0.8469861149787903,-0.3781820833683014,0.4467286765575409,0.7721684575080872,-0.16650047898292542,0.5850455164909363,0.8392456769943237,-0.3478820025920868,0.4539181888103485,0.7723862528800964,-0.14543627202510834,0.7074054479598999,0.6160163283348083,-0.07825277000665665,0.6929364204406738,0.6121165752410889,0.07792402803897858,0.7196208238601685,0.649690568447113,-0.25085780024528503,0.7103216052055359,0.7132171392440796,0.19420401751995087,0.7250186204910278,0.7559294700622559,-0.1957143098115921,0.6917533278465271,0.8025907874107361,0.25923624634742737,0.7253329753875732,0.7660958170890808,-0.19266514480113983,0.6965009570121765,0.8110606074333191,0.26278558373451233,0.7121578454971313,0.7976340651512146,-0.274448037147522,0.6742360591888428,0.8467467427253723,0.22672738134860992,100
0.7489656209945679,0.6515969634056091,-0.46914127469062805,0.7603002190589905,0.6401029825210571,-0.450287789106369,0.761999785900116,0.640550971031189,-0.4504716098308563,0.7636066675186157,0.6409755945205688,-0.4506820738315582,0.7531903386116028,0.635169506072998,-0.49214282631874084,0.7494134902954102,0.6319149732589722,-0.49222663044929504,0.7450388669967651,0.6283259987831116,-0.49219101667404175,0.7509129047393799,0.631561279296875,-0.3156491219997406,0.7248687744140625,0.6175418496131897,-0.5027183294296265,0.7381312251091003,0.6585695147514343,-0.4112839698791504,0.7294894456863403,0.6532073616981506,-0.46558138728141785,0.711307168006897,0.6536867022514343,-0.14530164003372192,0.6449972987174988,0.6454696655273438,-0.49712616205215454,0.7202928066253662,0.7187348008155823,-0.13400304317474365,0.616299569606781,0.7490028142929077,-0.5288202166557312,0.7274460792541504,0.7911139726638794,-0.28274405002593994,0.6305015683174133,0.8428844213485718,-0.49193915724754333,0.7358255982398987,0.8090699315071106,-0.30911967158317566,0.6251707077026367,0.8637068271636963,-0.5398532748222351,0.7356906533241272,0.8039414882659912,-0.3486640155315399,0.6357957124710083,0.8599128127098083,-0.5448217391967773,0.7227351665496826,0.8019882440567017,-0.30497217178344727,0.6369439363479614,0.8529559373855591,-0.493865042924881,0.5517683029174805,0.700445294380188,0.10843809694051743,0.5231990814208984,0.6812649369239807,-0.10826878249645233,0.5619909167289734,0.783600926399231,0.12781235575675964,0.617144763469696,0.7145355343818665,-0.388724148273468,0.4374105632305145,0.8587275743484497,0.302903413772583,0.5818268060684204,0.8686374425888062,-0.3600810170173645,0.41008827090263367,0.8602913618087769,0.3177397549152374,0.5624896883964539,0.8798255324363708,-0.3579327464103699,0.43783631920814514,0.9063840508460999,0.2315739095211029,0.5997875928878784,0.9258975386619568,-0.4781946837902069,100
0.7545834183692932,0.6524139642715454,-0.5702224373817444,0.7638059258460999,0.6412928700447083,-0.5509529113769531,0.7651668787002563,0.6413851380348206,-0.5510863065719604,0.7664670944213867,0.6413761973381042,-0.5512837767601013,0.7573792338371277,0.6372535228729248,-0.5807708501815796,0.7539510726928711,0.6341081261634827,-0.5808203220367432,0.7500267028808594,0.6302686333656311,-0.5808573365211487,0.7560560703277588,0.6338551640510559,-0.41411519050598145,0.7303892970085144,0.6146725416183472,-0.5453790426254272,0.7473015785217285,0.6594632863998413,-0.5133370161056519,0.7396231889724731,0.6537233591079712,-0.5515896081924438,0.7179285883903503,0.6611527800559998,-0.22648043930530548,0.6703789830207825,0.6469972133636475,-0.5001615881919861,0.7281008958816528,0.7373771071434021,-0.19402247667312622,0.6316860318183899,0.7303426861763,-0.509606659412384,0.7361628413200378,0.8204250931739807,-0.2945479452610016,0.6311479806900024,0.8076087832450867,-0.5185257792472839,0.7417467832565308,0.8383522033691406,-0.3161168098449707,0.6269700527191162,0.8316335678100586,-0.5658605694770813,0.7386143803596497,0.8401823043823242,-0.3604324460029602,0.6375484466552734,0.8259957432746887,-0.5757984519004822,0.7336148619651794,0.8339753746986389,-0.31524428725242615,0.6461099982261658,0.8321443200111389,-0.5235058665275574,0.6186375021934509,0.6718710660934448,0.09390240907669067,0.5692768096923828,0.6635212302207947,-0.09367450326681137,0.6516786813735962,0.761744499206543,-0.12428835779428482,0.6004388332366943,0.759677529335022,-0.26953721046447754,0.5884297490119934,0.871472954750061,-0.053079843521118164,0.5695546269416809,0.8757339715957642,-0.22443145513534546,0.5740249156951904,0.8856925368309021,-0.049120862036943436,0.5542605519294739,0.8839972019195557,-0.2236955612897873,0.6106046438217163,0.899328351020813,-0.15353356301784515,0.5957525372505188,0.9191750288009644,-0.348788857460022,100
0.7543439865112305,0.6477504372596741,-0.5605294108390808,0.7646268010139465,0.6397265195846558,-0.5418484210968018,0.7662684321403503,0.6408664584159851,-0.541954755783081,0.7677223086357117,0.6419229507446289,-0.5421056747436523,0.757128894329071,0.6334093809127808,-0.5654469728469849,0.7525454759597778,0.6296002864837646,-0.5654934048652649,0.7469109296798706,0.6248412728309631,-0.565461277961731,0.7585064172744751,0.6349242925643921,-0.40616118907928467,0.7274840474128723,0.6090746521949768,-0.5102991461753845,0.7452786564826965,0.6568953990936279,-0.5047078132629395,0.7372868061065674,0.6468964219093323,-0.5348169803619385,0.7165707349777222,0.6485417485237122,-0.2141886204481125,0.6746186017990112,0.6439063549041748,-0.4618462026119232,0.7219870686531067,0.7129636406898499,-0.1906479150056839,0.6500293016433716,0.7317081093788147,-0.43880435824394226,0.7283188104629517,0.7829557061195374,-0.32116612792015076,0.658868670463562,0.801511824131012,-0.4061763286590576,0.7319367527961731,0.8012641072273254,-0.34930723905563354,0.652497410774231,0.8207114934921265,-0.4440931975841522,0.7315178513526917,0.8005459904670715,-0.38899731636047363,0.6652611494064331,0.815791130065918,-0.4598551094532013,0.7266623377799988,0.7943615317344666,-0.34193888306617737,0.6674555540084839,0.8088655471801758,-0.4120695888996124,0.6157215237617493,0.6709691286087036,0.08302488178014755,0.5793965458869934,0.659091055393219,-0.08273722231388092,0.6556581258773804,0.7478352785110474,-0.10969329625368118,0.6073012948036194,0.7383146286010742,-0.2731436789035797,0.6064369678497314,0.8314391374588013,-0.0540376752614975,0.5758779644966125,0.8405165672302246,-0.2193911224603653,0.5922935605049133,0.8428097367286682,-0.05140968784689903,0.5773754715919495,0.8608502745628357,-0.21712332963943481,0.6241995692253113,0.8587676286697388,-0.1351124495267868,0.6088354587554932,0.877620279788971,-0.31993016600608826,100
0.7528597712516785,0.6545068621635437,-0.3370342552661896,0.761174201965332,0.6448758840560913,-0.3225547671318054,0.7618540525436401,0.6451032161712646,-0.3226971924304962,0.7623764276504517,0.6452082395553589,-0.32283449172973633,0.7561467289924622,0.6407159566879272,-0.3540361523628235,0.7530202269554138,0.6380418539047241,-0.35408347845077515,0.74933260679245,0.6349600553512573,-0.35413095355033875,0.7488064169883728,0.6311666965484619,-0.2244003862142563,0.7314568161964417,0.6182966232299805,-0.3665984272956848,0.7439948320388794,0.6611542105674744,-0.29503047466278076,0.7364473342895508,0.6547508835792542,-0.33623918890953064,0.7163158655166626,0.6515830755233765,-0.10602854937314987,0.6441997289657593,0.631102979183197,-0.37298783659935,0.7253962755203247,0.7225891351699829,-0.10857749730348587,0.6135106086730957,0.7396183609962463,-0.4066336452960968,0.7402985692024231,0.7878525853157043,-0.21495963633060455,0.6177875399589539,0.846366286277771,-0.41005629301071167,0.7453684210777283,0.8086482286453247,-0.2319319248199463,0.6061997413635254,0.8730743527412415,-0.452422171831131,0.7438681721687317,0.8086953163146973,-0.26089441776275635,0.6169304847717285,0.8853520154953003,-0.4553843140602112,0.7364279627799988,0.8022599816322327,-0.22962521016597748,0.630746603012085,0.8669506311416626,-0.41053709387779236,0.6175951957702637,0.7230764031410217,0.07695908099412918,0.5660816431045532,0.714384138584137,-0.07698502391576767,0.682680606842041,0.7699358463287354,-0.21318933367729187,0.6244256496429443,0.7506965398788452,-0.3946206271648407,0.6397913694381714,0.8699384927749634,-0.1388709545135498,0.5829039812088013,0.8797876834869385,-0.31087633967399597,0.6216069459915161,0.880212664604187,-0.13199029862880707,0.5582357048988342,0.9018627405166626,-0.3024766445159912,0.6641640067100525,0.9113070964813232,-0.2048056423664093,0.6100260615348816,0.9438885450363159,-0.39598312973976135,100
0.5352861881256104,0.7121371030807495,-0.24030619859695435,0.5205250978469849,0.701876699924469,-0.2555351257324219,0.5203311443328857,0.6972759366035461,-0.2555479407310486,0.5201668739318848,0.6927404999732971,-0.2556212544441223,0.521714448928833,0.7137789130210876,-0.2277938425540924,0.5213571786880493,0.7140557765960693,-0.2278783619403839,0.5220404267311096,0.716795027256012,-0.22791826725006104,0.5221673250198364,0.6773954033851624,-0.25651925802230835,0.5219332575798035,0.6982659697532654,-0.12997913360595703,0.5475757122039795,0.6985583305358887,-0.23503312468528748,0.5477402806282043,0.7083785533905029,-0.19820226728916168,0.5797663331031799,0.6345912218093872,-0.30190417170524597,0.5754926800727844,0.6894344687461853,-0.029567549005150795,0.6164842247962952,0.7516094446182251,-0.37947291135787964,0.6322985887527466,0.729286789894104,-0.026680367067456245,0.5913277268409729,0.8660628199577332,-0.37261900305747986,0.6548782587051392,0.7743135094642639,-0.1777547150850296,0.5898073315620422,0.891653299331665,-0.41499999165534973,0.6558836698532104,0.7846372127532959,-0.1977541446685791,0.5802850127220154,0.8927443027496338,-0.40731140971183777,0.6518079042434692,0.7808998823165894,-0.22460776567459106,0.5813531875610352,0.8843485713005066,-0.3693714141845703,0.6531683206558228,0.7748226523399353,-0.1929507851600647,0.7377764582633972,0.6059314608573914,-0.05690790340304375,0.7164720296859741,0.6587290167808533,0.05692681670188904,0.706197202205658,0.6140589714050293,-0.36177918314933777,0.63856041431427,0.7545711994171143,-0.013927371241152287,0.7258979082107544,0.7404074668884277,-0.34998422861099243,0.7097179293632507,0.7862448692321777,-0.08282514661550522,0.7315674424171448,0.7491433620452881,-0.34120795130729675,0.7294168472290039,0.7842389345169067,-0.08498506247997284,0.7018893957138062,0.8188000917434692,-0.36695563793182373,0.6880859136581421,0.8151679039001465,-0.11017907410860062,100
0.545691192150116,0.7118362188339233,-0.2254227250814438,0.5311158895492554,0.7014649510383606,-0.22961688041687012,0.5308074951171875,0.6963596940040588,-0.22963005304336548,0.5305290222167969,0.691301167011261,-0.22960767149925232,0.5319226384162903,0.7115825414657593,-0.20242436230182648,0.5296868085861206,0.7198972105979919,-0.2025327831506729,0.5308026671409607,0.721056342124939,-0.20259632170200348,0.5286341905593872,0.6750621795654297,-0.20770293474197388,0.5362225770950317,0.7127729654312134,-0.08350566774606705,0.5590994954109192,0.6982166171073914,-0.21308159828186035,0.5599210858345032,0.7112420201301575,-0.17731189727783203,0.5914099812507629,0.6494000554084778,-0.2595973014831543,0.6020813584327698,0.6854332685470581,0.042665887624025345,0.623814582824707,0.7597453594207764,-0.35531944036483765,0.6729187965393066,0.719485878944397,0.056579429656267166,0.595946729183197,0.8593189716339111,-0.3785434365272522,0.6948341131210327,0.7455676794052124,-0.07335344702005386,0.5957401990890503,0.8770707845687866,-0.4304553270339966,0.6959326267242432,0.7499986290931702,-0.0866391509771347,0.5819735527038574,0.8727699518203735,-0.41624197363853455,0.689651370048523,0.7481181621551514,-0.10774552822113037,0.5874289274215698,0.862707793712616,-0.374406635761261,0.6899605393409729,0.7446491718292236,-0.08498122543096542,0.7630129456520081,0.5989954471588135,-0.08913571387529373,0.740282416343689,0.6309124231338501,0.08910168707370758,0.7129096388816833,0.6559432148933411,-0.3583138883113861,0.681493878364563,0.6906710267066956,0.26535099744796753,0.7109999656677246,0.7738190293312073,-0.37603577971458435,0.6660314798355103,0.7618967890739441,0.39534756541252136,0.72186678647995,0.7867583632469177,-0.3753924071788788,0.6768496036529541,0.7771061658859253,0.4097546339035034,0.6682317852973938,0.8286194801330566,-0.4689183533191681,0.6187055110931396,0.7807814478874207,0.387167364358902,100
0.6514084935188293,0.0866132378578186,-0.41067516803741455,0.6458356380462646,0.074908047914505,-0.3778816759586334,0.6471255421638489,0.07521280646324158,-0.3779626488685608,0.6483745574951172,0.0756010115146637,-0.37802112102508545,0.6373854279518127,0.07492700219154358,-0.4122808575630188,0.6327890753746033,0.07552289962768555,-0.4123667776584625,0.6275565028190613,0.07657548785209656,-0.4125477969646454,0.6367262005805969,0.08475244045257568,-0.19142086803913116,0.6050437688827515,0.08938521146774292,-0.3472477197647095,0.6538535356521606,0.10365563631057739,-0.33778342604637146,0.642871081829071,0.104766845703125,-0.3826501667499542,0.6550472974777222,0.1929483413696289,0.000876477628480643,0.5573045015335083,0.16610699892044067,-0.3698686957359314,0.6481979489326477,0.30802932381629944,0.0659656971693039,0.5506900548934937,0.2748315930366516,-0.40892699360847473,0.6610249876976013,0.40396732091903687,-0.06355524808168411,0.5785616040229797,0.3895651400089264,-0.4767625629901886,0.6621672511100769,0.4369693398475647,-0.091624915599823,0.5738398432731628,0.4260273277759552,-0.5323619842529297,0.6602519750595093,0.4395497739315033,-0.1363380253314972,0.5911316275596619,0.42775970697402954,-0.5536531209945679,0.6537486910820007,0.42715516686439514,-0.08799781650304794,0.5926010608673096,0.4150538444519043,-0.485451877117157,0.6312540769577026,0.3932320773601532,0.10262090712785721,0.5720597505569458,0.3847348392009735,-0.10249645262956619,0.6111090183258057,0.5367408394813538,0.07928936183452606,0.5788419842720032,0.5515066981315613,-0.1616741418838501,0.5938978791236877,0.6784212589263916,0.30311819911003113,0.5578408241271973,0.6983025074005127,0.053404297679662704,0.5787612199783325,0.6972547769546509,0.3148215115070343,0.5448997020721436,0.7216184139251709,0.06407152861356735,0.6260263919830322,0.729303240776062,0.1735747754573822,0.5843289494514465,0.7460212111473083,-0.13358458876609802,100
0.6507492661476135,0.08791270852088928,-0.37155887484550476,0.6448867321014404,0.07607859373092651,-0.33745425939559937,0.6462613344192505,0.07622328400611877,-0.3375397324562073,0.6475114822387695,0.0764910876750946,-0.3375988304615021,0.6368239521980286,0.07643723487854004,-0.3776465654373169,0.6322311162948608,0.07728317379951477,-0.37770217657089233,0.6273784041404724,0.07870224118232727,-0.3778631389141083,0.6355574727058411,0.08520114421844482,-0.15719616413116455,0.6061180830001831,0.09187943488359451,-0.3379928171634674,0.6533806324005127,0.10458338260650635,-0.3015599548816681,0.6425164341926575,0.1061733067035675,-0.3536122143268585,0.6514075398445129,0.19475163519382477,0.043861620128154755,0.5595959424972534,0.1692316234111786,-0.38641756772994995,0.6456989049911499,0.3127758502960205,0.12501636147499084,0.5512280464172363,0.2819722890853882,-0.43252208828926086,0.6518616080284119,0.41089189052581787,0.021203691139817238,0.5743467211723328,0.3980213701725006,-0.47681859135627747,0.6540522575378418,0.4435628354549408,-0.00012222460645716637,0.569691002368927,0.4326571226119995,-0.5304549932479858,0.6505178213119507,0.44421276450157166,-0.04231039807200432,0.5849940776824951,0.43359804153442383,-0.5485408306121826,0.6456644535064697,0.43291473388671875,-0.0018170424737036228,0.5867659449577332,0.42173323035240173,-0.48386892676353455,0.6276359558105469,0.389234721660614,0.1316552758216858,0.5743083357810974,0.3848414421081543,-0.13169369101524353,0.6053151488304138,0.5448524951934814,0.15923047065734863,0.5689430832862854,0.5601754188537598,-0.15340092778205872,0.5775903463363647,0.6774425506591797,0.4139673113822937,0.5329796075820923,0.6966896057128906,0.05807054415345192,0.56219482421875,0.6976932287216187,0.42882299423217773,0.5157439708709717,0.7155536413192749,0.06915250420570374,0.6213392019271851,0.723301351070404,0.3043968081474304,0.5723357200622559,0.7479432821273804,-0.11824103444814682,100
0.6510327458381653,0.08574086427688599,-0.28937211632728577,0.6464093923568726,0.07469764351844788,-0.25500407814979553,0.647732138633728,0.07530161738395691,-0.255085825920105,0.649010419845581,0.07597687840461731,-0.255123108625412,0.6379275321960449,0.07375097274780273,-0.2913549542427063,0.6332293152809143,0.073903888463974,-0.29141494631767273,0.6277167797088623,0.07420313358306885,-0.29156816005706787,0.6368604898452759,0.08695876598358154,-0.07369611412286758,0.603667140007019,0.0874977707862854,-0.23852357268333435,0.6531786322593689,0.10346567630767822,-0.21960608661174774,0.6416870355606079,0.1030254065990448,-0.2672775089740753,0.6579270362854004,0.1955123096704483,0.09655284881591797,0.5536078214645386,0.16691842675209045,-0.2844947874546051,0.6520420908927917,0.30511417984962463,0.15198668837547302,0.5467305779457092,0.2646636366844177,-0.3795977830886841,0.6666245460510254,0.3956031799316406,0.016926981508731842,0.5681124925613403,0.36994823813438416,-0.48387670516967773,0.6663503646850586,0.4273431897163391,-0.008997708559036255,0.5655757188796997,0.4032694101333618,-0.5398193001747131,0.6663251519203186,0.4285804033279419,-0.05602002516388893,0.5805037021636963,0.40310531854629517,-0.5564678311347961,0.6600984334945679,0.4255642890930176,-0.007807550020515919,0.5818051695823669,0.391635924577713,-0.4916820824146271,0.6388015151023865,0.3957527279853821,0.11667168140411377,0.5739905834197998,0.3906324505805969,-0.11656705290079117,0.6174557209014893,0.5494024157524109,0.1614619642496109,0.5632950067520142,0.5633629560470581,-0.187279611825943,0.5812227725982666,0.7138692140579224,0.3873925507068634,0.5459160208702087,0.7337811589241028,-0.05485766753554344,0.563086748123169,0.7209494113922119,0.3984226584434509,0.5345696806907654,0.7531325221061707,-0.05316105857491493,0.6006633043289185,0.7840484380722046,0.2545832395553589,0.5787897109985352,0.793001115322113,-0.26136481761932373,100
0.6481679677963257,0.08549761772155762,-0.25050121545791626,0.6439403295516968,0.07437604665756226,-0.21437600255012512,0.6459441184997559,0.07490792870521545,-0.21443340182304382,0.6479102969169617,0.07549735903739929,-0.2144445776939392,0.6344342827796936,0.07397454977035522,-0.24573324620723724,0.6297056674957275,0.07432344555854797,-0.2458166927099228,0.6242877244949341,0.07503679394721985,-0.24595460295677185,0.6385433077812195,0.08563688397407532,-0.024722101166844368,0.6026759147644043,0.08910414576530457,-0.16989153623580933,0.6522620916366577,0.10314837843179703,-0.17889109253883362,0.639946699142456,0.10300379991531372,-0.22124086320400238,0.6559818983078003,0.19885744154453278,0.11279331147670746,0.5584133863449097,0.16469475626945496,-0.2439383864402771,0.6510194540023804,0.31466197967529297,0.13034428656101227,0.5455849170684814,0.2144937515258789,-0.5881824493408203,0.6566970944404602,0.40671029686927795,0.032655421644449234,0.5694807767868042,0.189565971493721,-0.923363983631134,0.6563000082969666,0.4395831525325775,0.01875472441315651,0.5751601457595825,0.19961261749267578,-1.0056695938110352,0.6528912782669067,0.44168123602867126,-0.017387088388204575,0.5817594528198242,0.195500910282135,-0.9937835931777954,0.6477171778678894,0.42934173345565796,0.014870830811560154,0.5814506411552429,0.1971484273672104,-0.9273378252983093,0.6331945657730103,0.4054289162158966,0.1173781082034111,0.5697060823440552,0.3953101336956024,-0.11737897992134094,0.6191760897636414,0.5675076842308044,0.1262521892786026,0.5557430386543274,0.573794424533844,-0.16877344250679016,0.5750973224639893,0.7076483964920044,0.3384029269218445,0.5355599522590637,0.7397900819778442,-0.020517198368906975,0.5572488903999329,0.7285394668579102,0.34882113337516785,0.5204867124557495,0.7587631344795227,-0.016347520053386688,0.5989385843276978,0.7800871133804321,0.2070295810699463,0.5754730701446533,0.7954180240631104,-0.21718771755695343,100
0.6476376056671143,0.08493486046791077,-0.2592337429523468,0.6434920430183411,0.07475882768630981,-0.22044086456298828,0.6453794240951538,0.07530876994132996,-0.22050705552101135,0.6471730470657349,0.0759909451007843,-0.2205299437046051,0.633578896522522,0.07453575730323792,-0.2545349895954132,0.6286171674728394,0.07535144686698914,-0.25459781289100647,0.6232200860977173,0.07682499289512634,-0.25473541021347046,0.6375016570091248,0.08560991287231445,-0.022849295288324356,0.6032636165618896,0.09049394726753235,-0.17936788499355316,0.6501042246818542,0.10248389840126038,-0.18476025760173798,0.6372892260551453,0.10324963182210922,-0.23040828108787537,0.6505345106124878,0.20675209164619446,0.12209024280309677,0.5568094849586487,0.17174220085144043,-0.26058876514434814,0.6517986059188843,0.3190966248512268,0.14850305020809174,0.5446750521659851,0.22287946939468384,-0.6144667267799377,0.6597160696983337,0.4096088707447052,0.05450990051031113,0.5673012137413025,0.2106209397315979,-0.9377726316452026,0.66412752866745,0.4438720643520355,0.04156970605254173,0.5664395093917847,0.21591636538505554,-1.0168287754058838,0.6559237241744995,0.44411414861679077,0.0076809474267065525,0.5727884769439697,0.21113386750221252,-1.008663535118103,0.654830813407898,0.44159314036369324,0.036826323717832565,0.572551429271698,0.212320014834404,-0.9428303241729736,0.6243009567260742,0.40941768884658813,0.11600113660097122,0.558790922164917,0.4034215807914734,-0.11599486321210861,0.6101751327514648,0.56036376953125,0.07124117016792297,0.5513772964477539,0.5780847668647766,-0.1515974998474121,0.5685522556304932,0.7128211855888367,0.25790175795555115,0.534321665763855,0.7391887307167053,0.00826822966337204,0.5500203371047974,0.734687864780426,0.2653287947177887,0.5193493962287903,0.7527648210525513,0.013271119445562363,0.5909897089004517,0.7818570733070374,0.11453748494386673,0.5722976922988892,0.792655885219574,-0.18460407853126526,100
0.6480581760406494,0.08687111735343933,-0.2365209311246872,0.6434445381164551,0.07573500275611877,-0.20022538304328918,0.645264208316803,0.07614755630493164,-0.20030584931373596,0.6471705436706543,0.07665064930915833,-0.2003440409898758,0.6338242292404175,0.07559806108474731,-0.23240968585014343,0.6291203498840332,0.07634192705154419,-0.23248741030693054,0.6239199042320251,0.07775896787643433,-0.23266085982322693,0.6374122500419617,0.08577173948287964,-0.008591005578637123,0.6025882959365845,0.09298291802406311,-0.15529988706111908,0.6506829857826233,0.10540887713432312,-0.1638469398021698,0.6387988924980164,0.10549232363700867,-0.20665057003498077,0.6592821478843689,0.2027626931667328,0.12659694254398346,0.5530750155448914,0.1751241236925125,-0.23013436794281006,0.6518501043319702,0.30897489190101624,0.14599888026714325,0.5483226776123047,0.23466889560222626,-0.5737445950508118,0.6670523881912231,0.4159945249557495,0.0388709232211113,0.56399005651474,0.216740220785141,-0.8785693049430847,0.6749181747436523,0.45255523920059204,0.02009236067533493,0.5626804828643799,0.22031591832637787,-0.9509932398796082,0.6664042472839355,0.4534607231616974,-0.010182183235883713,0.5653650760650635,0.21461309492588043,-0.9501553177833557,0.6589921712875366,0.4385658800601959,0.02171299420297146,0.565836489200592,0.21594871580600739,-0.8856475949287415,0.6198157072067261,0.41786623001098633,0.0976187065243721,0.5515029430389404,0.4124343991279602,-0.09766721725463867,0.6004382371902466,0.5826666951179504,0.023175131529569626,0.5489521026611328,0.5871895551681519,-0.10570796579122543,0.5572043061256409,0.7340888977050781,0.22800275683403015,0.533125102519989,0.7379607558250427,0.08765564113855362,0.5505474209785461,0.7561255693435669,0.2364243119955063,0.5249823927879333,0.7675923705101013,0.09578640013933182,0.5700433254241943,0.7785632014274597,0.060396235436201096,0.5439820885658264,0.7806904911994934,-0.10669509321451187,100
0.5811482667922974,0.246200293302536,-0.16299386322498322,0.5807790160179138,0.2355411797761917,-0.13505224883556366,0.5817274451255798,0.235749751329422,-0.1351601630449295,0.5826044082641602,0.2358839213848114,-0.13522839546203613,0.5712963342666626,0.23437190055847168,-0.17070907354354858,0.5652682185173035,0.2336989790201187,-0.17077907919883728,0.5612322092056274,0.23392227292060852,-0.17094802856445312,0.5695467591285706,0.24053362011909485,0.006157837342470884,0.5438471436500549,0.23949159681797028,-0.15217283368110657,0.5804618000984192,0.25939956307411194,-0.10796724259853363,0.5706360936164856,0.2582775354385376,-0.15378661453723907,0.600559651851654,0.3284063935279846,0.14983178675174713,0.49700677394866943,0.3238397538661957,-0.21153198182582855,0.6092400550842285,0.4290264844894409,0.19635646045207977,0.4845641553401947,0.41442573070526123,-0.21784792840480804,0.6076462268829346,0.5075244903564453,0.06047004088759422,0.4934583902359009,0.47384995222091675,-0.20617267489433289,0.6113371849060059,0.5364938378334045,0.03264346346259117,0.49272871017456055,0.4972420930862427,-0.2374652475118637,0.6036725044250488,0.5312566161155701,0.002646103035658598,0.5018373727798462,0.4896577298641205,-0.2593366205692291,0.5993841886520386,0.520217776298523,0.041508715599775314,0.5018813014030457,0.48170745372772217,-0.21270203590393066,0.5804907083511353,0.5284163951873779,0.1266590803861618,0.5194666385650635,0.5300112962722778,-0.12671194970607758,0.5772120356559753,0.6772907376289368,0.15452799201011658,0.5262385606765747,0.7045509219169617,-0.16165539622306824,0.5499690771102905,0.8202683925628662,0.3398101031780243,0.5154212117195129,0.8603563904762268,-0.04356974735856056,0.5331171154975891,0.8434011936187744,0.34878435730934143,0.5048868656158447,0.8872578740119934,-0.040602635592222214,0.6041483283042908,0.879807710647583,0.2281574308872223,0.5708357095718384,0.904476523399353,-0.2098354995250702,100
0.5818389654159546,0.24110004305839539,-0.2641448378562927,0.5787672996520996,0.2306913137435913,-0.2267536222934723,0.5805460214614868,0.23169347643852234,-0.2268335372209549,0.5831567645072937,0.23293545842170715,-0.22685714066028595,0.5687644481658936,0.22884508967399597,-0.26024988293647766,0.563804566860199,0.22880041599273682,-0.26031672954559326,0.557567834854126,0.22894492745399475,-0.2604381740093231,0.5741275548934937,0.24267689883708954,-0.03513437509536743,0.540300190448761,0.24015969038009644,-0.18743282556533813,0.5810569524765015,0.2579359710216522,-0.19138726592063904,0.5694522261619568,0.2562808692455292,-0.23561054468154907,0.5887700915336609,0.3393458127975464,0.12892816960811615,0.493255615234375,0.32882189750671387,-0.22493162751197815,0.5836843252182007,0.4451635479927063,0.1785462647676468,0.48574018478393555,0.42528852820396423,-0.3326726257801056,0.6065328121185303,0.5356729626655579,0.02297140844166279,0.5165117383003235,0.4552910327911377,-0.4602097272872925,0.6103601455688477,0.5693539381027222,-0.00745777040719986,0.5206548571586609,0.4715069532394409,-0.5135714411735535,0.6052922010421753,0.5688654780387878,-0.05089733749628067,0.526390790939331,0.46154487133026123,-0.5305531024932861,0.6036552786827087,0.5634430646896362,-0.0008202409371733665,0.524482250213623,0.45675167441368103,-0.4686760902404785,0.5813122391700745,0.5400453805923462,0.11712510883808136,0.5248412489891052,0.5436627268791199,-0.11711886525154114,0.5717287063598633,0.6974906921386719,0.0913543701171875,0.5277982950210571,0.7114117741584778,-0.12754112482070923,0.5534424781799316,0.8504718542098999,0.2751719653606415,0.5203170776367188,0.8717237710952759,0.04001729190349579,0.5330556631088257,0.8704696893692017,0.28223833441734314,0.5060827732086182,0.8952168226242065,0.04603634402155876,0.6073132157325745,0.9010435938835144,0.1366240382194519,0.5811150670051575,0.920745313167572,-0.13944700360298157,100
