0.8842810988426208,0.42123401165008545,-0.1036067008972168,0.8981176018714905,0.40479278564453125,-0.08377734571695328,0.8979233503341675,0.40349501371383667,-0.08396538347005844,0.897628128528595,0.4024241864681244,-0.0840289294719696,0.8968090415000916,0.4022536277770996,-0.15082409977912903,0.8955556154251099,0.3989623188972473,-0.15086062252521515,0.8939409255981445,0.39554813504219055,-0.15099875628948212,0.8834519386291504,0.388069748878479,0.04341674596071243,0.8758090734481812,0.37650009989738464,-0.2599673569202423,0.8644818067550659,0.42042428255081177,-0.04785187542438507,0.8620202541351318,0.41630566120147705,-0.13586707413196564,0.7697936296463013,0.36688151955604553,0.24947147071361542,0.7773981094360352,0.3958226144313812,-0.3913053870201111,0.6871697902679443,0.45632249116897583,0.3169628381729126,0.7107691764831543,0.4890921711921692,-0.5195423364639282,0.6655668020248413,0.561328113079071,0.22643344104290009,0.6970714330673218,0.584940493106842,-0.5534180998802185,0.6741595268249512,0.57041335105896,0.23286356031894684,0.7058751583099365,0.5989847183227539,-0.6284234523773193,0.682483971118927,0.5827846527099609,0.17576441168785095,0.71800297498703,0.5928242206573486,-0.5995920896530151,0.6777507662773132,0.5822606086730957,0.19767294824123383,0.711394190788269,0.5863917469978333,-0.5452738404273987,0.5059735178947449,0.4076969027519226,0.19546741247177124,0.5037637948989868,0.3934175372123718,-0.19550278782844543,0.3284582793712616,0.505681037902832,0.30330872535705566,0.3107794523239136,0.4849421977996826,-0.0888204574584961,0.15710914134979248,0.5466609001159668,0.4715508222579956,0.13810083270072937,0.543708860874176,0.11730602383613586,0.12215578556060791,0.5353904366493225,0.4820966422557831,0.10484787821769714,0.5348284244537354,0.13049624860286713,0.1463288962841034,0.6319960355758667,0.38337188959121704,0.12882515788078308,0.6168296337127686,0.004057586658746004,100
0.8817335963249207,0.4233035147190094,-0.08109065890312195,0.8954870700836182,0.4077545702457428,-0.06598898023366928,0.8948767781257629,0.4053337872028351,-0.06619318574666977,0.8941084742546082,0.40307536721229553,-0.06633109599351883,0.8952124714851379,0.40733715891838074,-0.12890633940696716,0.8943161964416504,0.40461230278015137,-0.12883959710597992,0.8932085037231445,0.4019043743610382,-0.12889215350151062,0.878135621547699,0.3848663866519928,0.03193235024809837,0.8766531944274902,0.38479185104370117,-0.2513285279273987,0.8608568906784058,0.4192206859588623,-0.035039518028497696,0.8598995804786682,0.41804492473602295,-0.11715174466371536,0.7649234533309937,0.35089966654777527,0.22347606718540192,0.7864722609519958,0.4050394594669342,-0.37590426206588745,0.7172394394874573,0.48222681879997253,0.2696923613548279,0.72818922996521,0.5260323882102966,-0.4130611717700958,0.7540199160575867,0.6195103526115417,0.1265295296907425,0.7548522353172302,0.6483349204063416,-0.2983885109424591,0.7496424317359924,0.6292319893836975,0.12011417746543884,0.7461903691291809,0.6555696725845337,-0.354496568441391,0.7595610618591309,0.639737069606781,0.06370940804481506,0.7909963726997375,0.6636354923248291,-0.32481062412261963,0.7506870031356812,0.63670814037323,0.09554293006658554,0.7706499695777893,0.6464656591415405,-0.2866821885108948,0.5017493963241577,0.39057984948158264,0.1794040948152542,0.5076916813850403,0.41467392444610596,-0.17943435907363892,0.3365163505077362,0.49100571870803833,0.29183483123779297,0.34988003969192505,0.5099461674690247,-0.10049903392791748,0.16336247324943542,0.5455901026725769,0.4673204720020294,0.18536904454231262,0.5405817627906799,0.11806465685367584,0.12816894054412842,0.5378854274749756,0.4795786142349243,0.15228399634361267,0.5218450427055359,0.13625961542129517,0.1536930501461029,0.6241384744644165,0.41378161311149597,0.16216453909873962,0.6140155792236328,0.07072882354259491,100
0.8725271224975586,0.42494162917137146,-0.10670862346887589,0.8892135620117188,0.4096989631652832,-0.07578887045383453,0.8890975713729858,0.4079699218273163,-0.07595585286617279,0.8890330195426941,0.4063810706138611,-0.07604271918535233,0.8878220319747925,0.407274067401886,-0.1468946486711502,0.8864500522613525,0.40347719192504883,-0.14692766964435577,0.884688675403595,0.3992082476615906,-0.1469969004392624,0.875641405582428,0.3872394859790802,0.08065091073513031,0.8665474653244019,0.37518659234046936,-0.2389300912618637,0.8523325324058533,0.4218430519104004,-0.04381699487566948,0.8498753309249878,0.4182626008987427,-0.13609455525875092,0.7613951563835144,0.35592955350875854,0.309703528881073,0.7809971570968628,0.3972941040992737,-0.395737886428833,0.7044915556907654,0.5014009475708008,0.359862357378006,0.6969879269599915,0.4832232892513275,-0.4896959662437439,0.7588205337524414,0.6476632356643677,0.19361867010593414,0.6908251047134399,0.5738199949264526,-0.39507701992988586,0.7574272751808167,0.6579620242118835,0.20104768872261047,0.6978873610496521,0.5843105316162109,-0.45939603447914124,0.7900358438491821,0.6639828681945801,0.1288459748029709,0.7089051604270935,0.5775248408317566,-0.4327550232410431,0.7813973426818848,0.6649571657180786,0.15562555193901062,0.704124927520752,0.5747486352920532,-0.38656407594680786,0.5072219967842102,0.42061230540275574,0.22327637672424316,0.5035514831542969,0.433641254901886,-0.22347155213356018,0.6605058908462524,0.5459855794906616,0.2629833519458771,0.6924430727958679,0.5659257769584656,-0.2794652581214905,0.4756985008716583,0.5843644142150879,0.3738057315349579,0.4753707945346832,0.5734217166900635,0.09970235079526901,0.44624170660972595,0.5560619831085205,0.3824569582939148,0.445657342672348,0.566286563873291,0.14423516392707825,0.3913768231868744,0.645463228225708,0.3850139081478119,0.3858494162559509,0.642361044883728,0.22990594804286957,100
0.8640964031219482,0.4189247488975525,0.05695188790559769,0.8807677626609802,0.4059656858444214,0.06878897547721863,0.8809899091720581,0.4041428565979004,0.0686103031039238,0.8812446594238281,0.4025081992149353,0.06849788874387741,0.8799927830696106,0.40550073981285095,0.012937093153595924,0.8793830871582031,0.403022438287735,0.012872457504272461,0.8784992694854736,0.4004945456981659,0.01278265006840229,0.8701084852218628,0.3823583722114563,0.13446301221847534,0.864679217338562,0.3809380531311035,-0.11838585883378983,0.8470888137817383,0.4154101014137268,0.08758863061666489,0.8453810214996338,0.4137401580810547,0.014305583201348782,0.757235050201416,0.32817864418029785,0.3052281141281128,0.7848751544952393,0.4091147482395172,-0.29106655716896057,0.6536285281181335,0.3637469410896301,0.5043120980262756,0.7092705368995667,0.5366306304931641,-0.4435681700706482,0.6148650646209717,0.416678786277771,0.6425244212150574,0.7592920660972595,0.6430168151855469,-0.39375007152557373,0.6057974100112915,0.41855376958847046,0.6837872266769409,0.7868294715881348,0.6719043254852295,-0.4308774769306183,0.6166011095046997,0.42657533288002014,0.6468923091888428,0.7962642908096313,0.654980480670929,-0.399867981672287,0.6202902793884277,0.4285799562931061,0.6302315592765808,0.775891125202179,0.6372165083885193,-0.38050782680511475,0.4843558967113495,0.389972984790802,0.19384193420410156,0.5186130404472351,0.4284728169441223,-0.19407013058662415,0.4005737006664276,0.5349376797676086,0.19240152835845947,0.694398820400238,0.5747041702270508,-0.16524088382720947,0.203561931848526,0.5856286287307739,0.29845744371414185,0.481584757566452,0.5683001279830933,0.09106581658124924,0.17328503727912903,0.5657273530960083,0.303660124540329,0.4596075415611267,0.5306152701377869,0.1205814927816391,0.14809823036193848,0.6708977222442627,0.24557998776435852,0.3839232921600342,0.6151784658432007,0.17979395389556885,100
0.8655560612678528,0.4278157949447632,-0.03185223042964935,0.8845176100730896,0.4118660092353821,-0.008556520566344261,0.8845314979553223,0.41006550192832947,-0.008755143731832504,0.8844748735427856,0.40852946043014526,-0.00885733775794506,0.8832387924194336,0.40955933928489685,-0.0749288946390152,0.8820332288742065,0.40604299306869507,-0.0749674141407013,0.8804963827133179,0.40262413024902344,-0.07499831169843674,0.8697800636291504,0.3866294324398041,0.10694362968206406,0.8634230494499207,0.381738543510437,-0.19351769983768463,0.8458551168441772,0.42452889680862427,0.017257703468203545,0.8438137769699097,0.4206930696964264,-0.06930563598871231,0.7587765455245972,0.34704315662384033,0.30360835790634155,0.7875890135765076,0.40246790647506714,-0.3518514633178711,0.7071332335472107,0.467105895280838,0.33579710125923157,0.7281773686408997,0.5359770059585571,-0.42327681183815,0.7160975337028503,0.5875892639160156,0.15465697646141052,0.7622662782669067,0.6543810367584229,-0.2589288055896759,0.7347844243049622,0.6032500863075256,0.14853417873382568,0.7881267070770264,0.6758131384849548,-0.3037155568599701,0.7466341853141785,0.6133975982666016,0.09178829938173294,0.7973055243492126,0.674944281578064,-0.2618062496185303,0.7377133965492249,0.610836386680603,0.12258739769458771,0.7862679958343506,0.6653077602386475,-0.24029675126075745,0.49373191595077515,0.40862515568733215,0.2040332555770874,0.5175027847290039,0.4359115660190582,-0.2041907161474228,0.4109695553779602,0.532724142074585,0.25755661725997925,0.688938319683075,0.5694438219070435,-0.13891687989234924,0.16514718532562256,0.5802024006843567,0.4036034047603607,0.47615405917167664,0.5803971290588379,0.15380853414535522,0.18389810621738434,0.5663999319076538,0.4135279059410095,0.44646888971328735,0.543666660785675,0.185980886220932,0.14333197474479675,0.6651960611343384,0.36885038018226624,0.3752712607383728,0.6311149001121521,0.2521425187587738,100
0.8618659377098083,0.4247870445251465,0.047352615743875504,0.8794553279876709,0.41115516424179077,0.07136840373277664,0.8795526027679443,0.4109407067298889,0.0713142603635788,0.8794984817504883,0.41105639934539795,0.07130838930606842,0.8778323531150818,0.40618887543678284,0.010734649375081062,0.8764929175376892,0.4021209180355072,0.0106371333822608,0.8747230768203735,0.397970974445343,0.010598053224384785,0.8674164414405823,0.39676374197006226,0.19260507822036743,0.8601179122924805,0.38001951575279236,-0.0819055587053299,0.8439839482307434,0.42478030920028687,0.0940641537308693,0.8413581848144531,0.41902193427085876,0.014912961982190609,0.7540310621261597,0.3661787807941437,0.3630032539367676,0.7803797125816345,0.39852210879325867,-0.2595052421092987,0.653496265411377,0.40231677889823914,0.42409271001815796,0.6844334006309509,0.4629114270210266,-0.2429039031267166,0.6159144043922424,0.4294480085372925,0.2999074459075928,0.6542057394981384,0.4794691205024719,0.10242585837841034,0.59645015001297,0.43872830271720886,0.2970860004425049,0.639782726764679,0.4861110746860504,0.1057477742433548,0.6065369844436646,0.43673789501190186,0.2693532705307007,0.642875075340271,0.48133742809295654,0.09915309399366379,0.6133708953857422,0.4330344796180725,0.2797550559043884,0.6444395184516907,0.4738183617591858,0.1088380292057991,0.5000715851783752,0.4362671673297882,0.2129179835319519,0.5085951089859009,0.4292667508125305,-0.21325603127479553,0.6784772872924805,0.5744869709014893,0.2543884813785553,0.6879819631576538,0.5822803378105164,-0.27352482080459595,0.479496031999588,0.5775724053382874,0.2932130992412567,0.4794144630432129,0.5702861547470093,-0.0377013199031353,0.4567694664001465,0.535709798336029,0.28956338763237,0.456147164106369,0.5355236530303955,-0.006488143932074308,0.3805691599845886,0.6272759437561035,0.29978716373443604,0.36845093965530396,0.6269655227661133,0.07704945653676987,100
0.8662680983543396,0.4245821237564087,0.032062090933322906,0.8829673528671265,0.40896618366241455,0.05245622992515564,0.8827732801437378,0.40680691599845886,0.052221037447452545,0.8824153542518616,0.4048693776130676,0.05209779739379883,0.882308304309845,0.4089256227016449,-0.0080491928383708,0.8816209435462952,0.40659958124160767,-0.008123562671244144,0.8806569576263428,0.4043271839618683,-0.008190637454390526,0.8687642216682434,0.38748472929000854,0.1428527683019638,0.8666563034057617,0.3854445517063141,-0.1313471496105194,0.8463331460952759,0.4193817675113678,0.07042665779590607,0.8444974422454834,0.4188133776187897,-0.008280182257294655,0.7547727227210999,0.3554988503456116,0.304387629032135,0.7786648273468018,0.40274712443351746,-0.2948915660381317,0.6823636293411255,0.47003424167633057,0.3382965326309204,0.6927400827407837,0.5184870958328247,-0.3153541684150696,0.6955346465110779,0.5927870273590088,0.21355821192264557,0.7056654691696167,0.5936472415924072,-0.07908882945775986,0.7085755467414856,0.6154338717460632,0.20708243548870087,0.7123351097106934,0.610243558883667,-0.09459113329648972,0.7216099500656128,0.624739408493042,0.16243582963943481,0.7253225445747375,0.6003764867782593,-0.07388176769018173,0.715350866317749,0.6171656847000122,0.18611231446266174,0.7210883498191833,0.5911281704902649,-0.06642910093069077,0.49610888957977295,0.4350847005844116,0.19540831446647644,0.5307142734527588,0.44985151290893555,-0.19551940262317657,0.35689327120780945,0.518851101398468,0.274433970451355,0.6885005831718445,0.5866214036941528,-0.16711905598640442,0.18874689936637878,0.5568714737892151,0.35580626130104065,0.47461748123168945,0.5826715230941772,0.03656550869345665,0.1611504852771759,0.5338642001152039,0.36051496863365173,0.4552706778049469,0.545867383480072,0.061672359704971313,0.1502569615840912,0.6212059259414673,0.3239993155002594,0.38291075825691223,0.6293661594390869,0.12334699928760529,100
0.8610904216766357,0.4271267056465149,0.052410874515771866,0.8786871433258057,0.41204550862312317,0.06804195046424866,0.8784500360488892,0.41045528650283813,0.0678643062710762,0.8780601620674133,0.40921032428741455,0.06775867193937302,0.8779604434967041,0.4097769558429718,0.011858565732836723,0.8770989179611206,0.40645650029182434,0.011804004199802876,0.8760029077529907,0.40333905816078186,0.011787349358201027,0.8654962182044983,0.3917832374572754,0.16011717915534973,0.8627610206604004,0.38530126214027405,-0.09452690184116364,0.8429796695709229,0.42389437556266785,0.0905914232134819,0.8417173027992249,0.42090025544166565,0.017248744145035744,0.7548403143882751,0.3633197844028473,0.32785290479660034,0.7848920822143555,0.3983303904533386,-0.24576203525066376,0.6895341873168945,0.43331414461135864,0.46627187728881836,0.7381206750869751,0.5121090412139893,-0.2881951332092285,0.7009880542755127,0.5170207619667053,0.4547910988330841,0.7747058272361755,0.5566206574440002,-0.04254595935344696,0.7067392468452454,0.5327038764953613,0.4694177806377411,0.7874466180801392,0.567818820476532,-0.04934412240982056,0.7189646363258362,0.5353099703788757,0.4309867322444916,0.7933785915374756,0.556037962436676,-0.03780585527420044,0.7162322402000427,0.5314186811447144,0.434662401676178,0.7852708697319031,0.5491361021995544,-0.03209895268082619,0.4919769763946533,0.43095728754997253,0.19077207148075104,0.5251427292823792,0.4333552420139313,-0.19077150523662567,0.510095477104187,0.5724616050720215,0.23379778861999512,0.6905522346496582,0.5864046216011047,-0.2135215699672699,0.314267635345459,0.575026273727417,0.3122687041759491,0.47578638792037964,0.5647906064987183,-0.022029021754860878,0.2873525619506836,0.5456018447875977,0.31616517901420593,0.45675790309906006,0.5275744795799255,0.004257701802998781,0.24741394817829132,0.6500983834266663,0.30974602699279785,0.3736363351345062,0.6259447932243347,0.0841834768652916,100
0.8730790615081787,0.43056821823120117,-0.013290634378790855,0.8895330429077148,0.4133158326148987,0.00937560573220253,0.8891059756278992,0.41031593084335327,0.009203015826642513,0.8885383605957031,0.40756353735923767,0.009154040366411209,0.8891211748123169,0.41297096014022827,-0.06228452920913696,0.8884133100509644,0.409763365983963,-0.06234150379896164,0.8875348567962646,0.40674740076065063,-0.06246582791209221,0.8731411695480347,0.3851124942302704,0.12710323929786682,0.8732073307037354,0.3872317969799042,-0.1965058594942093,0.8522708415985107,0.4233274757862091,0.03608393296599388,0.8515640497207642,0.4225459694862366,-0.057324834167957306,0.756921648979187,0.3424101173877716,0.33411073684692383,0.7868572473526001,0.4068731665611267,-0.3643583655357361,0.6566765308380127,0.395402729511261,0.4319921135902405,0.7034986019134521,0.5207034945487976,-0.45700231194496155,0.6188158988952637,0.4505654275417328,0.3203279376029968,0.7364612817764282,0.6234723329544067,-0.31883424520492554,0.6095305681228638,0.4559303820133209,0.32989656925201416,0.6954620480537415,0.6308912634849548,-0.36991336941719055,0.6231323480606079,0.4617684781551361,0.2756768763065338,0.7083206176757812,0.623786211013794,-0.3442095220088959,0.6261446475982666,0.46266135573387146,0.29295864701271057,0.7053084373474121,0.6132906675338745,-0.3062724769115448,0.4873426556587219,0.4297700524330139,0.22216354310512543,0.5135307908058167,0.4404841661453247,-0.22251860797405243,0.6528723835945129,0.5572540760040283,0.2608509957790375,0.7024405598640442,0.5565357804298401,-0.26983198523521423,0.46058276295661926,0.5797801613807678,0.37368887662887573,0.47493061423301697,0.5684462785720825,0.03436362370848656,0.37321794033050537,0.5897215604782104,0.3803230822086334,0.4554654061794281,0.5381421446800232,0.06912786513566971,0.3719393312931061,0.6528410911560059,0.3600918650627136,0.3754200339317322,0.6330085396766663,0.1282152682542801,100
0.8803158402442932,0.4188518822193146,-0.13618971407413483,0.8955729007720947,0.402995228767395,-0.11009276658296585,0.8953692317008972,0.40209823846817017,-0.11025591939687729,0.8950142860412598,0.4015597999095917,-0.11037066578865051,0.8934850692749023,0.399965763092041,-0.1732277125120163,0.8914891481399536,0.3964322507381439,-0.1732780933380127,0.8888053297996521,0.3927638530731201,-0.17333750426769257,0.8813852667808533,0.38706859946250916,0.02918635681271553,0.8690613508224487,0.37288132309913635,-0.25361600518226624,0.8594812750816345,0.4186932444572449,-0.07869210094213486,0.8566038608551025,0.41485974192619324,-0.16020619869232178,0.7579845190048218,0.3591792583465576,0.2480771243572235,0.7670008540153503,0.3836148679256439,-0.3908749520778656,0.6949096322059631,0.4920240044593811,0.2812115252017975,0.6823721528053284,0.5111005902290344,-0.4334985017776489,0.746455729007721,0.6273795366287231,0.15550805628299713,0.6572851538658142,0.6357372999191284,-0.30216100811958313,0.7259982824325562,0.6356192827224731,0.16324695944786072,0.6593538522720337,0.6560285687446594,-0.35103270411491394,0.7391406297683716,0.648057222366333,0.1016775369644165,0.672928512096405,0.6525154113769531,-0.3195478320121765,0.7604155540466309,0.644961953163147,0.1244654580950737,0.6695030927658081,0.6455395817756653,-0.2888762950897217,0.5147963762283325,0.4323340952396393,0.19479529559612274,0.5002775192260742,0.4350070655345917,-0.19522389769554138,0.5685067772865295,0.5352941751480103,0.30427294969558716,0.6069051027297974,0.5783140659332275,-0.18399456143379211,0.3779400587081909,0.6026219725608826,0.38266700506210327,0.4565385580062866,0.5732919573783875,0.16067466139793396,0.3490365743637085,0.5881509184837341,0.3920448422431946,0.4296000599861145,0.5399293899536133,0.20238478481769562,0.3610668480396271,0.6550077795982361,0.40780481696128845,0.37676963210105896,0.6408661007881165,0.2936258614063263,100
0.885852575302124,0.42598044872283936,-0.07407546043395996,0.898108184337616,0.4086678922176361,-0.057564254850149155,0.8973678350448608,0.40590640902519226,-0.05775728076696396,0.896429717540741,0.40322524309158325,-0.05790022388100624,0.8978239893913269,0.40906545519828796,-0.12513406574726105,0.8969857096672058,0.4066746234893799,-0.125085711479187,0.8959656357765198,0.40425583720207214,-0.12518133223056793,0.8783460259437561,0.3834139406681061,0.05057061091065407,0.87815260887146,0.38540756702423096,-0.2528476119041443,0.864109992980957,0.421670526266098,-0.023966412991285324,0.8633800745010376,0.4214373230934143,-0.1117226704955101,0.766020655632019,0.35375872254371643,0.25176042318344116,0.7808627486228943,0.40635618567466736,-0.383198618888855,0.7202855348587036,0.49334895610809326,0.2906605005264282,0.7263590693473816,0.5369213223457336,-0.40659064054489136,0.7545175552368164,0.6423051357269287,0.14861871302127838,0.7601619958877563,0.6670275926589966,-0.2687722444534302,0.7601994872093201,0.6501340270042419,0.1448213905096054,0.7899121642112732,0.68825364112854,-0.32127925753593445,0.7865976095199585,0.6572633981704712,0.08830781280994415,0.8002079725265503,0.6792495250701904,-0.29261404275894165,0.7707805037498474,0.6542631983757019,0.11718858033418655,0.7820624709129333,0.6674531698226929,-0.25653645396232605,0.5027422904968262,0.398226261138916,0.19128292798995972,0.5069468021392822,0.4164663851261139,-0.1913602352142334,0.3331936001777649,0.49386298656463623,0.306427001953125,0.3244559168815613,0.5090862512588501,-0.11443229019641876,0.16168072819709778,0.548211932182312,0.47781604528427124,0.14469918608665466,0.5339669585227966,0.09290020912885666,0.1282055675983429,0.5412888526916504,0.4906403124332428,0.11069491505622864,0.514600932598114,0.10979938507080078,0.14916610717773438,0.625442385673523,0.4236758053302765,0.11955767869949341,0.6071292757987976,0.024989215657114983,100
0.88359534740448,0.42074885964393616,-0.0779004693031311,0.8975017070770264,0.40543609857559204,-0.059968043118715286,0.8974512815475464,0.4043578803539276,-0.06017422303557396,0.897300124168396,0.4034014344215393,-0.06029335781931877,0.8958132266998291,0.4019596576690674,-0.12690654397010803,0.8943986892700195,0.3981805145740509,-0.12689530849456787,0.8925771713256836,0.39415913820266724,-0.12699560821056366,0.8830584287643433,0.38801485300064087,0.056925807148218155,0.8733299970626831,0.3728548288345337,-0.24501541256904602,0.8644169569015503,0.42105793952941895,-0.026254449039697647,0.8611757755279541,0.4159631133079529,-0.1137131080031395,0.7597818374633789,0.3761182427406311,0.24547074735164642,0.7760562300682068,0.3922136127948761,-0.37358251214027405,0.7247923016548157,0.4878932237625122,0.31293973326683044,0.7455531358718872,0.5370405912399292,-0.4555363953113556,0.7327934503555298,0.6114397048950195,0.21166153252124786,0.7649911642074585,0.6830756664276123,-0.4157143831253052,0.7541787624359131,0.624725878238678,0.21471470594406128,0.7922134399414062,0.6952338218688965,-0.4832681119441986,0.7607100009918213,0.6347835659980774,0.157663956284523,0.8042778968811035,0.6893957853317261,-0.44924598932266235,0.7512853145599365,0.633702278137207,0.18184997141361237,0.7914609909057617,0.6856770515441895,-0.40437766909599304,0.5091513991355896,0.41091424226760864,0.18553504347801208,0.5041301250457764,0.39283615350723267,-0.18543730676174164,0.3351028263568878,0.5087379813194275,0.2189674824476242,0.30584874749183655,0.487491637468338,-0.14514829218387604,0.15391206741333008,0.5456337332725525,0.3277570605278015,0.13452064990997314,0.536144495010376,-0.008687445893883705,0.12012600153684616,0.534885048866272,0.33303385972976685,0.0981113612651825,0.5236515402793884,-0.0024841008707880974,0.140444815158844,0.6248146891593933,0.2446480244398117,0.13346263766288757,0.615813672542572,-0.11896490305662155,100
0.8856964707374573,0.4306687116622925,-0.11261101067066193,0.8981894850730896,0.41181546449661255,-0.09334603697061539,0.8975813388824463,0.40874263644218445,-0.09357023984193802,0.8968443870544434,0.4058515429496765,-0.09367511421442032,0.8979083299636841,0.4124546945095062,-0.16286303102970123,0.8971710801124573,0.4099181592464447,-0.16287288069725037,0.8962224125862122,0.40738242864608765,-0.16300049424171448,0.8805488348007202,0.38712453842163086,0.02792086824774742,0.8790552616119385,0.38733309507369995,-0.2857547998428345,0.8631119728088379,0.4257766604423523,-0.05830143392086029,0.8622124791145325,0.42578405141830444,-0.1491011679172516,0.768119752407074,0.35752132534980774,0.2299538254737854,0.7792520523071289,0.40244340896606445,-0.4105415642261505,0.710997998714447,0.4853554964065552,0.2580453157424927,0.7137648463249207,0.5148390531539917,-0.46480971574783325,0.7448163628578186,0.6178398132324219,0.09357424825429916,0.7544698119163513,0.6585676074028015,-0.3881009519100189,0.755113959312439,0.6392912864685059,0.08461035788059235,0.7774919271469116,0.6696674823760986,-0.4553467929363251,0.7633972764015198,0.6542453765869141,0.022856028750538826,0.7897565364837646,0.67076176404953,-0.42280399799346924,0.7523825168609619,0.6527312994003296,0.05948668718338013,0.7753968238830566,0.6577175855636597,-0.3763015866279602,0.5027315616607666,0.4067797362804413,0.1952732354402542,0.5040097236633301,0.41206517815589905,-0.19527865946292877,0.320553719997406,0.49709802865982056,0.3323982357978821,0.32824480533599854,0.5038248300552368,-0.0617251992225647,0.14643049240112305,0.5459052324295044,0.5250347852706909,0.1401144564151764,0.5483984351158142,0.16923142969608307,0.11073148250579834,0.5386844873428345,0.5386903285980225,0.09256704896688461,0.5512253642082214,0.18511055409908295,0.14862731099128723,0.6166113018989563,0.4442753791809082,0.13531389832496643,0.6262831687927246,0.06602468341588974,100
0.8812190294265747,0.4269329011440277,-0.02851242758333683,0.8956800699234009,0.4091252088546753,-0.01316441036760807,0.894922137260437,0.40617915987968445,-0.013315008953213692,0.8941001892089844,0.4033973813056946,-0.01341208629310131,0.8958101272583008,0.4110093116760254,-0.07473703473806381,0.8951733708381653,0.40934228897094727,-0.07473520189523697,0.894396185874939,0.40770137310028076,-0.07486480474472046,0.879452109336853,0.3855251669883728,0.07656406611204147,0.8784226179122925,0.38983154296875,-0.20219406485557556,0.8569999933242798,0.4230897128582001,0.013024307787418365,0.8567555546760559,0.4242399334907532,-0.06755724549293518,0.7662636041641235,0.3376721441745758,0.2387106567621231,0.7790117263793945,0.40716806054115295,-0.3233111500740051,0.69244784116745,0.4680308401584625,0.2901636064052582,0.6645022034645081,0.42598313093185425,-0.47480395436286926,0.71232008934021,0.5890028476715088,0.17494525015354156,0.6328582167625427,0.4324585497379303,-0.5908414125442505,0.728897750377655,0.6065068244934082,0.1812507063150406,0.6384478807449341,0.4604514539241791,-0.6585902571678162,0.7407328486442566,0.6205801963806152,0.12162046134471893,0.6472532749176025,0.45872819423675537,-0.6365479230880737,0.7328287959098816,0.6165504455566406,0.14513316750526428,0.6455132961273193,0.45936837792396545,-0.5873355865478516,0.5066127181053162,0.4078938066959381,0.17212100327014923,0.513236939907074,0.4443072974681854,-0.1721177101135254,0.3398856222629547,0.49854034185409546,0.25303831696510315,0.3288479447364807,0.5296523571014404,-0.13658863306045532,0.1512051224708557,0.5567434430122375,0.3650190234184265,0.1482463777065277,0.5602248907089233,0.010695590637624264,0.11472347378730774,0.5477068424224854,0.368813157081604,0.09871124476194382,0.5437257885932922,0.02039557695388794,0.14596816897392273,0.6226635575294495,0.2916423976421356,0.1394793689250946,0.6266530752182007,-0.08137062191963196,100
0.8672001957893372,0.4340653717517853,-0.12374471127986908,0.8853709697723389,0.4167322814464569,-0.10851091891527176,0.885404109954834,0.41403305530548096,-0.10856754332780838,0.8853287696838379,0.41157177090644836,-0.10853494703769684,0.8846082091331482,0.41774818301200867,-0.16972649097442627,0.8840271234512329,0.4156758487224579,-0.16979952156543732,0.8832017779350281,0.4136661887168884,-0.1699681282043457,0.8718535304069519,0.3909737467765808,-0.015858860686421394,0.868502140045166,0.3915969729423523,-0.29276829957962036,0.8461586236953735,0.4286241829395294,-0.08225589990615845,0.8445874452590942,0.428539901971817,-0.1619558185338974,0.7605504393577576,0.33418166637420654,0.14494206011295319,0.7723139524459839,0.40444082021713257,-0.40308573842048645,0.6303045153617859,0.355500727891922,0.15251924097537994,0.6227045655250549,0.3892965018749237,-0.3492341637611389,0.5791437029838562,0.40617963671684265,0.000599197403062135,0.584991991519928,0.39065712690353394,-0.09100988507270813,0.5639837384223938,0.41992998123168945,-0.018759671598672867,0.5718489289283752,0.39774101972579956,-0.09939447045326233,0.5700780153274536,0.4240257740020752,-0.045494355261325836,0.585056722164154,0.39613258838653564,-0.10969766229391098,0.5738471150398254,0.4196382164955139,-0.02036656066775322,0.5831083655357361,0.389474481344223,-0.08714306354522705,0.5048723220825195,0.42784833908081055,0.17324449121952057,0.4997498095035553,0.44606056809425354,-0.17342114448547363,0.4855074882507324,0.5035276412963867,0.2909592092037201,0.3358231484889984,0.5252344608306885,-0.08954878896474838,0.4230855405330658,0.5744427442550659,0.37507718801498413,0.21404185891151428,0.5850534439086914,0.10811769962310791,0.3995809853076935,0.5771794319152832,0.37710583209991455,0.18514594435691833,0.5766459703445435,0.12615296244621277,0.44860953092575073,0.6240488290786743,0.3605923652648926,0.16800305247306824,0.6330305933952332,0.06848638504743576,100
0.8669059872627258,0.432292103767395,-0.07262556254863739,0.8860200643539429,0.41668593883514404,-0.05362958833575249,0.8863372802734375,0.41498926281929016,-0.05377984046936035,0.886482298374176,0.41342273354530334,-0.05381959676742554,0.8843233585357666,0.4132241904735565,-0.11361341178417206,0.8832849860191345,0.40901511907577515,-0.11365318298339844,0.8818581700325012,0.4047791063785553,-0.11374875158071518,0.8728682398796082,0.3913317024707794,0.0427778996527195,0.8668239116668701,0.3815908133983612,-0.22486145794391632,0.8465059995651245,0.42805051803588867,-0.031320586800575256,0.8436957597732544,0.4234987497329712,-0.10863760113716125,0.7706009745597839,0.354674369096756,0.2129410058259964,0.7752093076705933,0.40382567048072815,-0.36584460735321045,0.6456840634346008,0.3684321641921997,0.22544829547405243,0.6392115950584412,0.39186862111091614,-0.3346048891544342,0.586087703704834,0.4134259819984436,0.10214518755674362,0.5910564661026001,0.3941822350025177,-0.09829369932413101,0.5675567984580994,0.42471522092819214,0.08647835999727249,0.5793089270591736,0.3938024640083313,-0.1137758269906044,0.5741146206855774,0.42777013778686523,0.05593094229698181,0.5938299298286438,0.3990670442581177,-0.11948180943727493,0.5789889693260193,0.4240741431713104,0.07971604913473129,0.5861185789108276,0.389162540435791,-0.0939992293715477,0.5014222860336304,0.41862374544143677,0.18753795325756073,0.5014250874519348,0.4286894202232361,-0.18743915855884552,0.42883560061454773,0.5169256329536438,0.26927489042282104,0.31910252571105957,0.5221858024597168,-0.13371902704238892,0.2774467170238495,0.5160074830055237,0.37580883502960205,0.139295756816864,0.5492355823516846,-0.005188297480344772,0.24956060945987701,0.4998417794704437,0.3779388964176178,0.10441139340400696,0.532888650894165,0.004158781375735998,0.2555713653564453,0.5759826898574829,0.34463492035865784,0.1269732117652893,0.6254094243049622,-0.08440276235342026,100
0.8690601587295532,0.43198779225349426,-0.10487767308950424,0.8863348960876465,0.41639378666877747,-0.08240396529436111,0.8866510391235352,0.4147951900959015,-0.08261191099882126,0.886836051940918,0.4133581519126892,-0.08277564495801926,0.8847576379776001,0.41320937871932983,-0.1500890552997589,0.8837207555770874,0.40923088788986206,-0.15011726319789886,0.8821786642074585,0.40493863821029663,-0.15016470849514008,0.8730247616767883,0.3910368084907532,0.041040003299713135,0.8663114905357361,0.3806923031806946,-0.26475998759269714,0.8486372828483582,0.4273504912853241,-0.05288371443748474,0.8453370928764343,0.42263269424438477,-0.14152345061302185,0.7585922479629517,0.37124475836753845,0.2376817762851715,0.7735449075698853,0.39794209599494934,-0.40469107031822205,0.6876477599143982,0.47871100902557373,0.2827506363391876,0.7072148323059082,0.5163112282752991,-0.4524815082550049,0.6908332109451294,0.5738623142242432,0.13077332079410553,0.7495858669281006,0.6315575838088989,-0.28215113282203674,0.7024824619293213,0.5847424864768982,0.13031478226184845,0.7477850317955017,0.6603094339370728,-0.33183977007865906,0.716905951499939,0.5897223353385925,0.07849452644586563,0.7931678891181946,0.6661698818206787,-0.2930918037891388,0.711116373538971,0.5892230272293091,0.10232755541801453,0.7762173414230347,0.6523011326789856,-0.26576969027519226,0.5134115219116211,0.42923954129219055,0.1991727352142334,0.5086448788642883,0.43082863092422485,-0.19908782839775085,0.6577582359313965,0.5373536944389343,0.3266577422618866,0.4402051568031311,0.5736308097839355,-0.22759664058685303,0.4721359610557556,0.5740240216255188,0.47708553075790405,0.2231176793575287,0.5497385263442993,0.007096833549439907,0.43752098083496094,0.560469388961792,0.4883649945259094,0.19602109491825104,0.520553469657898,0.03411185368895531,0.46070557832717896,0.6361684203147888,0.4835066795349121,0.16923314332962036,0.6194257140159607,0.008389378897845745,100
0.8707807660102844,0.4347914755344391,-0.2177027016878128,0.8868775963783264,0.4187057912349701,-0.19409368932247162,0.8870684504508972,0.4169955253601074,-0.19427619874477386,0.8872220516204834,0.4154284596443176,-0.1943926215171814,0.8854179382324219,0.4164436459541321,-0.2575131356716156,0.8842570781707764,0.4129886329174042,-0.25755348801612854,0.8826953172683716,0.4092729687690735,-0.2576581835746765,0.8734925985336304,0.3954792320728302,-0.06334333121776581,0.8649319410324097,0.3842571973800659,-0.3510081171989441,0.8498928546905518,0.43338748812675476,-0.16295769810676575,0.8464615941047668,0.4295625388622284,-0.24665071070194244,0.7558354139328003,0.3658251166343689,0.1404511034488678,0.7695726752281189,0.40798288583755493,-0.4653157591819763,0.6742047667503357,0.47938093543052673,0.17589706182479858,0.7204100489616394,0.5426410436630249,-0.542090654373169,0.6778813600540161,0.5866380333900452,0.03681902214884758,0.7537339925765991,0.680702269077301,-0.5103141665458679,0.6901888847351074,0.594894528388977,0.035117462277412415,0.7830685377120972,0.6946818232536316,-0.592082679271698,0.7075883150100708,0.6034259796142578,-0.026313655078411102,0.7972924709320068,0.6842484474182129,-0.5489560961723328,0.7019010186195374,0.6043763756752014,0.00612297048792243,0.7833791971206665,0.677010715007782,-0.4972485899925232,0.5193457007408142,0.4512489438056946,0.17853093147277832,0.5122567415237427,0.45451727509498596,-0.17861932516098022,0.6373415589332581,0.5314057469367981,0.343420147895813,0.3256029486656189,0.5591250658035278,-0.15490038692951202,0.43207016587257385,0.5531388521194458,0.5475116968154907,0.11817190051078796,0.5613521337509155,0.0395989753305912,0.3951703906059265,0.5411944389343262,0.563908040523529,0.07831484079360962,0.5555323362350464,0.0554824024438858,0.4293929934501648,0.6119420528411865,0.5410589575767517,0.13101711869239807,0.6381543278694153,-0.049631521105766296,100
0.8749112486839294,0.4343264698982239,-0.13383257389068604,0.8898468613624573,0.41728371381759644,-0.10831695050001144,0.8900264501571655,0.4151684641838074,-0.10853086411952972,0.8901405334472656,0.4131830930709839,-0.1086682453751564,0.8889859318733215,0.41484880447387695,-0.1771097332239151,0.8884191513061523,0.4109160006046295,-0.17713552713394165,0.8875954747200012,0.4069390296936035,-0.17720577120780945,0.8764630556106567,0.38979247212409973,0.026292426511645317,0.8726367354393005,0.3827848732471466,-0.2835145890712738,0.8536304235458374,0.4292686879634857,-0.07837694883346558,0.8510375022888184,0.4255543053150177,-0.16788478195667267,0.7605444192886353,0.37662261724472046,0.22656725347042084,0.7722321152687073,0.3903054893016815,-0.42406165599823,0.6888013482093811,0.47847774624824524,0.24912101030349731,0.6770614385604858,0.4963841438293457,-0.47831231355667114,0.7039059996604919,0.5740111470222473,0.0471498928964138,0.692237913608551,0.5955918431282043,-0.33239662647247314,0.7186421155929565,0.5866606831550598,0.032683659344911575,0.7060656547546387,0.6156603097915649,-0.39085978269577026,0.733095645904541,0.5914407968521118,-0.021048422902822495,0.722629725933075,0.6042354702949524,-0.3607613146305084,0.7262215614318848,0.5898500680923462,0.015215182676911354,0.7145899534225464,0.5952349305152893,-0.32081496715545654,0.5100492238998413,0.427762508392334,0.20994386076927185,0.5060992240905762,0.42982831597328186,-0.209854394197464,0.6186253428459167,0.5295645594596863,0.3539309799671173,0.4372715950012207,0.5802428722381592,-0.22556684911251068,0.46011966466903687,0.5584690570831299,0.5005398988723755,0.22791849076747894,0.5619630217552185,0.03641379997134209,0.42418673634529114,0.5442711114883423,0.511635959148407,0.19941093027591705,0.5300517678260803,0.06604659557342529,0.43956124782562256,0.614041805267334,0.5103217959403992,0.16718968749046326,0.6316964030265808,0.054461393505334854,100
0.8642584681510925,0.43102627992630005,-0.10477712750434875,0.8823922872543335,0.4158027172088623,-0.08229169994592667,0.8825267553329468,0.414003849029541,-0.08245781809091568,0.8825499415397644,0.4123915433883667,-0.08256089687347412,0.8809353113174438,0.4134970009326935,-0.14637956023216248,0.8798708319664001,0.4099006950855255,-0.146395742893219,0.8784926533699036,0.4062717854976654,-0.1465456187725067,0.8701362609863281,0.39141133427619934,0.034877628087997437,0.8641577959060669,0.38469964265823364,-0.2522197365760803,0.8447576761245728,0.4271794259548187,-0.05489549785852432,0.8424777388572693,0.42417222261428833,-0.1378365308046341,0.7649269104003906,0.3437069356441498,0.23417283594608307,0.7754221558570862,0.4071425199508667,-0.3823580741882324,0.6589620113372803,0.41806745529174805,0.27351951599121094,0.6477986574172974,0.39534103870391846,-0.4061815142631531,0.6417970657348633,0.5057222247123718,0.13649584352970123,0.6135023832321167,0.42887023091316223,-0.2580483853816986,0.641331672668457,0.5231306552886963,0.13218539953231812,0.6111258268356323,0.43312573432922363,-0.29472628235816956,0.6542279124259949,0.5302978157997131,0.08646970987319946,0.6212442517280579,0.4226748049259186,-0.28544288873672485,0.6528043150901794,0.525596559047699,0.10881824791431427,0.6188626289367676,0.4273635149002075,-0.25188788771629333,0.5052734613418579,0.41420477628707886,0.20040090382099152,0.5028156042098999,0.43247175216674805,-0.2002698928117752,0.4922996461391449,0.5284219980239868,0.3284941613674164,0.3221665322780609,0.5367456078529358,-0.1811407506465912,0.3407524824142456,0.5712424516677856,0.4827989935874939,0.13030260801315308,0.568520724773407,-0.024690771475434303,0.30817025899887085,0.5611667633056641,0.4900212287902832,0.08676505088806152,0.5519707202911377,-0.012788415886461735,0.3301594853401184,0.6426492929458618,0.4699585735797882,0.12531766295433044,0.6346877813339233,-0.10302012413740158,100
0.8699485063552856,0.43180587887763977,-0.13613887131214142,0.8874776363372803,0.4150272011756897,-0.11361771821975708,0.8875030279159546,0.41265416145324707,-0.11365018784999847,0.8874472975730896,0.41034701466560364,-0.11364085227251053,0.8863863348960876,0.4145476818084717,-0.17818760871887207,0.8854837417602539,0.41181284189224243,-0.17827670276165009,0.8842978477478027,0.409025102853775,-0.178496316075325,0.8731672763824463,0.3882567584514618,0.0060091218911111355,0.8677946329116821,0.3857423961162567,-0.2870478630065918,0.8469091653823853,0.42801493406295776,-0.08435872197151184,0.8444594740867615,0.4262458384037018,-0.16863539814949036,0.7594941258430481,0.3368372321128845,0.19033578038215637,0.7681477069854736,0.4053352475166321,-0.3925825357437134,0.6432012319564819,0.38572147488594055,0.26468998193740845,0.6120635867118835,0.3984788656234741,-0.3534919023513794,0.6172819137573242,0.4525964856147766,0.17692306637763977,0.5811396837234497,0.4055301547050476,-0.08800413459539413,0.6098728179931641,0.4697263836860657,0.1736088991165161,0.5709962844848633,0.40723899006843567,-0.09634868055582047,0.6178921461105347,0.4743494987487793,0.13502506911754608,0.5812872648239136,0.40479499101638794,-0.10367421805858612,0.6197556853294373,0.4688868522644043,0.15355755388736725,0.582419753074646,0.4004705548286438,-0.08215420693159103,0.4924401640892029,0.4323734641075134,0.1722201108932495,0.5072681903839111,0.4611653685569763,-0.1724601686000824,0.3339661955833435,0.5372678637504578,0.2926006019115448,0.5554386973381042,0.49675828218460083,0.010851317085325718,0.178000807762146,0.6076120734214783,0.44915443658828735,0.5177992582321167,0.6060692071914673,0.31027165055274963,0.11522611975669861,0.5722087621688843,0.45871034264564514,0.49711519479751587,0.6239973306655884,0.3350050449371338,0.15679848194122314,0.636633038520813,0.3797391355037689,0.5636599659919739,0.6436896920204163,0.2764761447906494,100
0.8777412176132202,0.42935866117477417,0.06546777486801147,0.8927526473999023,0.411392480134964,0.07767031341791153,0.8922461867332458,0.40838301181793213,0.0776514858007431,0.8916353583335876,0.40549546480178833,0.07767506688833237,0.8925049901008606,0.4131338894367218,0.020085496827960014,0.8917837142944336,0.4113525450229645,0.019985944032669067,0.8908736109733582,0.40956684947013855,0.019776156172156334,0.8764937520027161,0.38621634244918823,0.13826721906661987,0.8743910789489746,0.39002689719200134,-0.12030397355556488,0.8541932702064514,0.424976646900177,0.09709326177835464,0.8536756634712219,0.42591720819473267,0.022731009870767593,0.7643383741378784,0.330449640750885,0.30186426639556885,0.7807400226593018,0.4147515296936035,-0.26288339495658875,0.6676897406578064,0.3848659098148346,0.4022867977619171,0.6647508144378662,0.41186922788619995,-0.26186808943748474,0.642196774482727,0.45721906423568726,0.34641703963279724,0.6028123497962952,0.39690858125686646,-0.08323411643505096,0.6333851218223572,0.47245103120803833,0.35652977228164673,0.5834597945213318,0.3880424201488495,-0.10217155516147614,0.6439598202705383,0.47862744331359863,0.30715784430503845,0.5850895643234253,0.38748422265052795,-0.10101606696844101,0.6470226645469666,0.47630107402801514,0.3208197355270386,0.5892927646636963,0.39077115058898926,-0.07723803073167801,0.49492594599723816,0.40147095918655396,0.1706545501947403,0.5206181406974792,0.45716264843940735,-0.17077593505382538,0.31654277443885803,0.5022155046463013,0.2178768515586853,0.6291428208351135,0.543039858341217,0.047692470252513885,0.14681556820869446,0.574553370475769,0.3642387092113495,0.7412474155426025,0.6809788942337036,0.3283291757106781,0.10609528422355652,0.5571830868721008,0.37399595975875854,0.7262827754020691,0.7085224390029907,0.349632203578949,0.13923075795173645,0.6183048486709595,0.2893202006816864,0.740121603012085,0.7050516605377197,0.28261733055114746,100
0.8887567520141602,0.42292678356170654,-0.03134195879101753,0.9002670049667358,0.40516534447669983,-0.014858142472803593,0.8995088338851929,0.40268537402153015,-0.015034612268209457,0.8986622095108032,0.4004758596420288,-0.015116726979613304,0.8999552130699158,0.4055624306201935,-0.08216062188148499,0.8989509344100952,0.40324097871780396,-0.08219297975301743,0.8977265357971191,0.4009329378604889,-0.08236794918775558,0.8820616602897644,0.38442790508270264,0.08949486166238785,0.8802070021629333,0.3835710287094116,-0.21306978166103363,0.8668503761291504,0.4191516041755676,0.015995988622307777,0.8662288188934326,0.4187789857387543,-0.07152767479419708,0.7660065293312073,0.36016982793807983,0.277781218290329,0.7853487730026245,0.4060026705265045,-0.354648232460022,0.7082101702690125,0.4855598509311676,0.2923851013183594,0.7185769081115723,0.5053170323371887,-0.3839567303657532,0.7437785863876343,0.6115886569023132,0.12738588452339172,0.7431274652481079,0.624901294708252,-0.27108556032180786,0.7403391599655151,0.6254144906997681,0.12057776749134064,0.7268893122673035,0.6285374760627747,-0.32291269302368164,0.7490242123603821,0.6396778225898743,0.06773208826780319,0.7367947697639465,0.6165465116500854,-0.2978745996952057,0.7670482397079468,0.645383358001709,0.09678718447685242,0.729650616645813,0.6074808835983276,-0.26025816798210144,0.5102404952049255,0.40482407808303833,0.18871484696865082,0.5101662874221802,0.40788328647613525,-0.18874408304691315,0.318978488445282,0.49572044610977173,0.258929044008255,0.3043971061706543,0.5014039874076843,-0.11673977971076965,0.14291727542877197,0.5555598139762878,0.4021424949169159,0.1342903971672058,0.5576475858688354,0.05491820350289345,0.10997483134269714,0.5502550601959229,0.40969008207321167,0.09369233250617981,0.5416325926780701,0.06464572995901108,0.14374160766601562,0.6146550178527832,0.2998145520687103,0.13548338413238525,0.6132530570030212,-0.07169558107852936,100
